{
    "template": "https://github.com/nickderobertis/cookiecutter-pypi-sphinx",
    "commit": "395785115897df0582bb9fc87af960ad3f84fda2",
    "context": {
        "cookiecutter": {
            "package_name": "pysentiment2",
            "package_directory": "pysentiment2",
            "full_name": "Python Sentiment Analysis",
            "repo_name": "pysentiment",
            "repo_username": "nickderobertis",
            "short_description": "Sentiment Analysis in Python using a Dictionary Approach",
            "package_author": "Nick DeRobertis",
            "author_email": "whoopnip@gmail.com",
            "google_analytics_id": "UA-168191835-1",
            "_template": "https://github.com/nickderobertis/cookiecutter-pypi-sphinx"
        }
    }
}