"日期","收盘","开盘","高","低","交易量","涨跌幅"
"2024-3-11","1,594.20","1,599.93","1,601.70","1,587.05","","-1.15%"
"2024-3-8","1,612.67","1,618.76","1,637.96","1,607.61","","-0.34%"
"2024-3-7","1,618.21","1,607.07","1,621.79","1,605.32","","0.79%"
"2024-3-6","1,605.48","1,581.96","1,614.05","1,581.04","","1.47%"
"2024-3-5","1,582.25","1,606.70","1,607.40","1,577.95","","-1.54%"
"2024-3-4","1,606.97","1,616.47","1,617.66","1,605.79","","-0.34%"
"2024-3-1","1,612.46","1,599.68","1,616.26","1,591.61","","0.84%"
"2024-2-29","1,598.95","1,584.76","1,606.40","1,582.68","","0.74%"
"2024-2-28","1,587.24","1,596.30","1,596.56","1,578.43","","-0.67%"
"2024-2-27","1,597.92","1,586.79","1,600.91","1,584.32","","0.89%"
"2024-2-26","1,583.78","1,568.15","1,587.08","1,565.68","","1.46%"
"2024-2-23","1,560.98","1,567.29","1,570.65","1,557.19","","-0.41%"
"2024-2-22","1,567.46","1,545.58","1,576.46","1,544.48","","1.80%"
"2024-2-21","1,539.68","1,568.76","1,571.63","1,532.83","","-2.03%"
"2024-2-20","1,571.63","1,583.39","1,584.61","1,561.97","","-0.77%"
"2024-2-19","1,583.83","1,586.41","1,587.03","1,582.82","","0.11%"
"2024-2-16","1,582.05","1,598.32","1,601.68","1,579.21","","-0.66%"
"2024-2-15","1,592.59","1,569.56","1,594.92","1,568.81","","2.00%"
"2024-2-14","1,561.31","1,539.41","1,562.35","1,538.01","","1.27%"
"2024-2-13","1,541.77","1,584.55","1,586.26","1,533.07","","-2.41%"
"2024-2-12","1,579.84","1,576.83","1,592.31","1,576.77","","0.19%"
"2024-2-9","1,576.79","1,563.15","1,580.64","1,562.75","","1.19%"
"2024-2-8","1,558.31","1,548.89","1,562.21","1,543.00","","0.79%"
"2024-2-7","1,546.03","1,543.18","1,549.55","1,538.16","","0.17%"
"2024-2-6","1,543.39","1,531.02","1,544.77","1,529.19","","0.66%"
"2024-2-5","1,533.25","1,545.82","1,547.93","1,523.09","","-0.77%"
"2024-2-2","1,545.11","1,543.34","1,546.86","1,532.53","","0.40%"
"2024-2-1","1,538.89","1,527.26","1,541.11","1,523.37","","0.43%"
"2024-1-31","1,532.23","1,555.17","1,559.52","1,528.68","","-1.73%"
"2024-1-30","1,559.14","1,577.39","1,578.80","1,557.45","","-0.98%"
"2024-1-29","1,574.65","1,550.57","1,575.75","1,548.31","","1.46%"
"2024-1-26","1,552.00","1,553.37","1,563.27","1,551.00","","-0.31%"
"2024-1-25","1,556.82","1,557.39","1,567.95","1,551.17","","-0.24%"
"2024-1-24","1,560.52","1,564.42","1,584.14","1,558.75","","-0.30%"
"2024-1-23","1,565.24","1,558.45","1,570.28","1,557.30","","0.47%"
"2024-1-22","1,557.85","1,532.23","1,564.55","1,531.67","","1.88%"
"2024-1-19","1,529.03","1,513.06","1,529.71","1,510.20","","1.32%"
"2024-1-18","1,509.07","1,498.83","1,516.30","1,496.73","","0.80%"
"2024-1-17","1,497.02","1,513.51","1,514.49","1,481.38","","-1.26%"
"2024-1-16","1,516.14","1,527.91","1,530.18","1,509.99","","-1.07%"
"2024-1-15","1,532.53","1,535.72","1,537.00","1,532.05","","-0.26%"
"2024-1-12","1,536.60","1,544.41","1,559.00","1,535.50","","-0.20%"
"2024-1-11","1,539.64","1,543.55","1,548.65","1,525.25","","0.01%"
"2024-1-10","1,539.55","1,534.16","1,541.91","1,523.45","","0.49%"
"2024-1-9","1,532.02","1,535.26","1,540.46","1,524.52","","0.01%"
"2024-1-8","1,531.88","1,501.66","1,532.50","1,498.17","","1.91%"
"2024-1-5","1,503.22","1,502.77","1,513.26","1,492.43","","-0.04%"
"2024-1-4","1,503.84","1,514.16","1,516.36","1,496.90","","-0.71%"
"2024-1-3","1,514.55","1,555.96","1,556.36","1,514.55","","-2.71%"
"2024-1-2","1,556.80","1,595.30","1,598.32","1,551.50","","-2.43%"
"2024-1-1","1,595.65","1,594.83","1,595.65","1,594.56","","0.02%"
"2023-12-29","1,595.32","1,609.45","1,611.93","1,591.40","","-1.10%"
"2023-12-28","1,613.06","1,616.42","1,619.86","1,608.89","","0.01%"
"2023-12-27","1,612.87","1,608.35","1,615.48","1,604.95","","0.51%"
"2023-12-26","1,604.73","1,593.14","1,608.15","1,592.52","","0.90%"
"2023-12-25","1,590.48","1,590.28","1,592.17","1,589.77","","-0.04%"
"2023-12-22","1,591.15","1,585.77","1,598.60","1,583.45","","0.25%"
"2023-12-21","1,587.23","1,568.99","1,588.14","1,565.32","","0.99%"
"2023-12-20","1,571.73","1,601.81","1,608.97","1,569.78","","-1.76%"
"2023-12-19","1,599.87","1,573.24","1,600.11","1,572.22","","1.67%"
"2023-12-18","1,573.55","1,576.80","1,581.25","1,568.25","","-0.34%"
"2023-12-15","1,578.86","1,577.24","1,589.31","1,572.70","","0.34%"
"2023-12-14","1,573.52","1,551.10","1,585.36","1,549.74","","2.16%"
"2023-12-13","1,540.24","1,515.80","1,546.35","1,507.58","","1.71%"
"2023-12-12","1,514.33","1,513.09","1,518.20","1,504.06","","0.10%"
"2023-12-11","1,512.77","1,503.98","1,514.00","1,501.85","","0.56%"
"2023-12-8","1,504.41","1,490.76","1,507.58","1,487.91","","0.90%"
"2023-12-7","1,491.02","1,484.27","1,494.49","1,478.73","","0.12%"
"2023-12-6","1,489.23","1,487.54","1,508.77","1,487.17","","0.32%"
"2023-12-5","1,484.48","1,491.72","1,493.09","1,477.32","","-0.79%"
"2023-12-4","1,496.30","1,500.41","1,503.27","1,482.52","","-0.22%"
"2023-12-1","1,499.59","1,471.41","1,502.46","1,468.03","","1.64%"
"2023-11-30","1,475.36","1,479.09","1,482.58","1,467.35","","-0.04%"
"2023-11-29","1,475.99","1,459.96","1,486.21","1,458.78","","1.40%"
"2023-11-28","1,455.57","1,452.15","1,458.05","1,444.30","","0.30%"
"2023-11-27","1,451.22","1,455.67","1,456.74","1,449.65","","-0.48%"
"2023-11-24","1,458.20","1,450.07","1,458.48","1,448.84","","0.76%"
"2023-11-23","1,447.15","1,447.37","1,448.54","1,445.86","","0.10%"
"2023-11-22","1,445.67","1,444.24","1,455.95","1,442.47","","-0.04%"
"2023-11-21","1,446.29","1,456.82","1,457.46","1,440.98","","-0.44%"
"2023-11-20","1,452.73","1,438.87","1,457.41","1,438.02","","1.20%"
"2023-11-17","1,435.48","1,422.70","1,436.98","1,422.22","","0.88%"
"2023-11-16","1,422.89","1,435.62","1,436.51","1,416.03","","-1.05%"
"2023-11-15","1,438.01","1,431.15","1,451.10","1,430.02","","1.15%"
"2023-11-14","1,421.61","1,371.28","1,425.23","1,370.18","","3.93%"
"2023-11-13","1,367.89","1,366.11","1,369.97","1,357.57","","-0.14%"
"2023-11-10","1,369.76","1,354.91","1,370.58","1,349.72","","0.74%"
"2023-11-9","1,359.67","1,374.44","1,380.29","1,356.98","","-1.00%"
"2023-11-8","1,373.42","1,379.69","1,380.75","1,368.61","","-0.37%"
"2023-11-7","1,378.51","1,367.82","1,384.58","1,366.21","","0.41%"
"2023-11-6","1,372.85","1,381.55","1,388.61","1,364.75","","0.03%"
"2023-11-3","1,372.39","1,337.89","1,377.19","1,337.82","","2.81%"
"2023-11-2","1,334.83","1,306.52","1,336.60","1,306.17","","2.64%"
"2023-11-1","1,300.46","1,293.14","1,301.39","1,286.79","","0.74%"
"2023-10-31","1,290.89","1,281.54","1,293.52","1,278.55","","0.65%"
"2023-10-30","1,282.51","1,278.72","1,289.88","1,274.76","","-0.35%"
"2023-10-27","1,287.03","1,291.32","1,298.97","1,284.40","","-0.12%"
"2023-10-26","1,288.54","1,292.64","1,304.53","1,282.95","","-0.84%"
"2023-10-25","1,299.50","1,328.89","1,329.35","1,298.35","","-2.12%"
"2023-10-24","1,327.71","1,317.53","1,333.28","1,316.72","","0.78%"
"2023-10-23","1,317.46","1,321.24","1,330.49","1,305.22","","-0.49%"
"2023-10-20","1,323.92","1,342.85","1,344.08","1,320.54","","-1.53%"
"2023-10-19","1,344.46","1,355.61","1,360.16","1,342.71","","-1.22%"
"2023-10-18","1,361.04","1,387.96","1,389.05","1,358.92","","-1.95%"
"2023-10-17","1,388.16","1,384.27","1,395.13","1,369.16","","0.53%"
"2023-10-16","1,380.87","1,366.27","1,384.25","1,363.36","","0.72%"
"2023-10-13","1,371.00","1,391.24","1,392.01","1,368.25","","-1.70%"
"2023-10-12","1,394.65","1,412.34","1,415.38","1,388.41","","-0.88%"
"2023-10-11","1,407.03","1,410.14","1,417.25","1,400.63","","-0.04%"
"2023-10-10","1,407.57","1,389.70","1,416.25","1,388.75","","1.47%"
"2023-10-9","1,387.13","1,390.16","1,390.68","1,374.60","","-0.19%"
"2023-10-6","1,389.73","1,372.72","1,394.08","1,360.89","","1.31%"
"2023-10-5","1,371.73","1,382.88","1,383.47","1,364.86","","-0.38%"
"2023-10-4","1,377.01","1,366.63","1,379.46","1,362.31","","0.09%"
"2023-10-3","1,375.71","1,402.49","1,403.36","1,371.81","","-2.11%"
"2023-10-2","1,405.39","1,415.82","1,417.37","1,400.08","","-0.73%"
"2023-9-29","1,415.70","1,404.99","1,424.28","1,403.53","","0.74%"
"2023-9-28","1,405.24","1,393.99","1,411.44","1,386.61","","0.59%"
"2023-9-27","1,397.05","1,385.99","1,402.50","1,385.37","","0.74%"
"2023-9-26","1,386.84","1,403.72","1,404.34","1,384.81","","-1.40%"
"2023-9-25","1,406.58","1,410.85","1,411.73","1,398.88","","-0.24%"
"2023-9-22","1,409.94","1,409.69","1,419.39","1,406.81","","-0.11%"
"2023-9-21","1,411.56","1,433.58","1,434.85","1,411.41","","-2.00%"
"2023-9-20","1,440.36","1,447.24","1,462.35","1,438.19","","-0.65%"
"2023-9-19","1,449.74","1,455.43","1,457.43","1,442.41","","-0.65%"
"2023-9-18","1,459.23","1,459.63","1,466.02","1,456.28","","-0.05%"
"2023-9-15","1,459.97","1,472.15","1,476.32","1,455.96","","-0.58%"
"2023-9-14","1,468.52","1,463.87","1,469.81","1,459.89","","0.56%"
"2023-9-13","1,460.31","1,465.90","1,467.91","1,457.32","","-0.55%"
"2023-9-12","1,468.34","1,483.55","1,483.86","1,468.28","","-0.95%"
"2023-9-11","1,482.42","1,475.39","1,484.13","1,474.00","","0.52%"
"2023-9-8","1,474.77","1,481.53","1,484.13","1,472.30","","-0.61%"
"2023-9-7","1,483.79","1,505.08","1,505.28","1,471.18","","-1.42%"
"2023-9-6","1,505.18","1,505.23","1,517.10","1,501.14","","0.04%"
"2023-9-5","1,504.62","1,514.40","1,515.20","1,499.29","","-0.63%"
"2023-9-4","1,514.21","1,512.43","1,517.37","1,512.32","","0.11%"
"2023-9-1","1,512.62","1,507.46","1,520.67","1,506.35","","0.34%"
"2023-8-31","1,507.53","1,501.16","1,516.35","1,500.70","","0.46%"
"2023-8-30","1,500.65","1,494.29","1,502.65","1,488.51","","0.65%"
"2023-8-29","1,490.99","1,470.52","1,494.70","1,465.17","","1.48%"
"2023-8-28","1,469.26","1,457.33","1,472.50","1,456.85","","1.00%"
"2023-8-25","1,454.68","1,443.03","1,460.03","1,438.69","","0.48%"
"2023-8-24","1,447.80","1,475.95","1,480.59","1,446.41","","-1.70%"
"2023-8-23","1,472.90","1,452.84","1,476.25","1,452.11","","1.43%"
"2023-8-22","1,452.11","1,453.13","1,461.95","1,448.05","","0.12%"
"2023-8-21","1,450.38","1,441.78","1,453.47","1,440.07","","0.62%"
"2023-8-18","1,441.41","1,440.89","1,444.72","1,423.54","","-0.03%"
"2023-8-17","1,441.88","1,465.67","1,466.36","1,440.24","","-1.84%"
"2023-8-16","1,468.92","1,488.26","1,488.62","1,467.00","","-1.68%"
"2023-8-15","1,494.04","1,508.80","1,509.00","1,491.34","","-0.94%"
"2023-8-14","1,508.26","1,503.97","1,508.37","1,490.75","","-0.06%"
"2023-8-11","1,509.13","1,522.13","1,522.54","1,503.27","","-0.97%"
"2023-8-10","1,523.96","1,523.23","1,543.59","1,518.21","","0.07%"
"2023-8-9","1,522.84","1,536.95","1,541.29","1,519.06","","-0.89%"
"2023-8-8","1,536.58","1,556.76","1,558.22","1,525.28","","-1.58%"
"2023-8-7","1,561.29","1,557.16","1,564.54","1,549.27","","0.17%"
"2023-8-4","1,558.62","1,559.61","1,574.43","1,549.36","","-0.10%"
"2023-8-3","1,560.21","1,566.56","1,567.02","1,552.69","","-0.54%"
"2023-8-2","1,568.62","1,621.28","1,621.56","1,562.50","","-3.41%"
"2023-8-1","1,624.06","1,629.30","1,630.19","1,607.89","","-0.46%"
"2023-7-31","1,631.60","1,615.82","1,631.68","1,611.90","","0.84%"
"2023-7-28","1,618.05","1,609.95","1,620.04","1,599.18","","0.23%"
"2023-7-27","1,614.37","1,630.87","1,646.93","1,613.28","","-1.15%"
"2023-7-26","1,633.20","1,625.62","1,638.06","1,616.04","","0.49%"
"2023-7-25","1,625.31","1,621.58","1,629.28","1,616.16","","0.21%"
"2023-7-24","1,621.89","1,621.44","1,629.00","1,617.23","","0.16%"
"2023-7-21","1,619.23","1,619.87","1,632.29","1,615.65","","-0.02%"
"2023-7-20","1,619.62","1,657.83","1,658.27","1,617.32","","-2.39%"
"2023-7-19","1,659.23","1,651.53","1,667.81","1,651.07","","0.45%"
"2023-7-18","1,651.73","1,643.88","1,652.54","1,642.70","","0.64%"
"2023-7-17","1,641.15","1,629.46","1,646.67","1,623.73","","0.64%"
"2023-7-14","1,630.71","1,651.73","1,653.04","1,627.74","","-1.22%"
"2023-7-13","1,650.77","1,634.67","1,654.69","1,632.54","","1.41%"
"2023-7-12","1,627.87","1,609.69","1,633.11","1,607.86","","1.15%"
"2023-7-11","1,609.39","1,599.90","1,611.62","1,598.83","","0.85%"
"2023-7-10","1,595.82","1,571.46","1,597.56","1,568.81","","1.46%"
"2023-7-7","1,572.91","1,562.72","1,585.73","1,561.43","","0.61%"
"2023-7-6","1,563.45","1,588.63","1,590.44","1,551.25","","-1.96%"
"2023-7-5","1,594.74","1,598.40","1,599.43","1,590.79","","-0.34%"
"2023-7-4","1,600.19","1,597.38","1,600.40","1,596.31","","0.06%"
"2023-7-3","1,599.28","1,600.65","1,603.17","1,593.98","","0.31%"
"2023-6-30","1,594.35","1,576.17","1,601.65","1,576.00","","1.07%"
"2023-6-29","1,577.42","1,571.53","1,580.86","1,569.72","","0.44%"
"2023-6-28","1,570.51","1,559.82","1,574.16","1,557.46","","1.01%"
"2023-6-27","1,554.74","1,533.79","1,557.59","1,529.90","","1.16%"
"2023-6-26","1,536.84","1,548.20","1,554.74","1,536.48","","-0.76%"
"2023-6-23","1,548.54","1,569.26","1,570.37","1,547.57","","-1.87%"
"2023-6-22","1,578.04","1,583.66","1,584.90","1,568.13","","-0.21%"
"2023-6-21","1,581.31","1,606.89","1,607.92","1,577.09","","-1.61%"
"2023-6-20","1,607.20","1,622.85","1,624.19","1,598.83","","-1.09%"
"2023-6-19","1,624.95","1,628.24","1,631.26","1,624.40","","-0.39%"
"2023-6-16","1,631.31","1,641.82","1,652.93","1,627.90","","-0.55%"
"2023-6-15","1,640.30","1,628.36","1,645.06","1,617.69","","0.56%"
"2023-6-14","1,631.22","1,628.91","1,636.88","1,615.04","","0.23%"
"2023-6-13","1,627.47","1,601.82","1,631.88","1,600.54","","2.03%"
"2023-6-12","1,595.08","1,576.45","1,596.30","1,575.50","","1.51%"
"2023-6-9","1,571.30","1,571.68","1,585.86","1,567.09","","0.20%"
"2023-6-8","1,568.11","1,560.06","1,573.25","1,557.72","","0.03%"
"2023-6-7","1,567.65","1,582.45","1,592.72","1,563.65","","-0.80%"
"2023-6-6","1,580.22","1,570.92","1,584.90","1,560.89","","0.73%"
"2023-6-5","1,568.81","1,562.34","1,573.42","1,556.07","","0.70%"
"2023-6-2","1,557.86","1,544.36","1,565.58","1,543.27","","1.28%"
"2023-6-1","1,538.20","1,534.57","1,546.16","1,516.79","","0.32%"
"2023-5-31","1,533.28","1,545.45","1,546.56","1,518.00","","-1.08%"
"2023-5-30","1,550.02","1,520.03","1,556.94","1,518.20","","1.96%"
"2023-5-29","1,520.28","1,521.59","1,522.68","1,519.84","","0.11%"
"2023-5-26","1,518.56","1,485.93","1,523.74","1,485.16","","2.37%"
"2023-5-25","1,483.38","1,476.77","1,491.92","1,475.60","","0.84%"
"2023-5-24","1,471.00","1,481.02","1,482.57","1,462.79","","-0.64%"
"2023-5-23","1,480.47","1,499.55","1,502.77","1,479.81","","-1.37%"
"2023-5-22","1,501.09","1,487.49","1,504.86","1,483.43","","1.18%"
"2023-5-19","1,483.58","1,482.00","1,493.29","1,481.55","","0.44%"
"2023-5-18","1,477.04","1,457.53","1,477.95","1,457.36","","1.60%"
"2023-5-17","1,453.81","1,433.15","1,455.35","1,430.17","","1.45%"
"2023-5-16","1,433.10","1,437.27","1,441.22","1,428.68","","-0.17%"
"2023-5-15","1,435.57","1,414.80","1,437.30","1,414.51","","1.08%"
"2023-5-12","1,420.18","1,428.65","1,431.23","1,412.62","","-0.55%"
"2023-5-11","1,428.04","1,437.57","1,439.56","1,421.83","","-0.61%"
"2023-5-10","1,436.86","1,420.56","1,440.70","1,419.67","","1.13%"
"2023-5-9","1,420.86","1,427.99","1,428.32","1,414.60","","-0.43%"
"2023-5-8","1,426.96","1,418.44","1,426.97","1,416.32","","0.73%"
"2023-5-5","1,416.66","1,397.82","1,419.57","1,395.07","","1.48%"
"2023-5-4","1,396.00","1,408.94","1,409.63","1,393.96","","-0.76%"
"2023-5-3","1,406.76","1,406.90","1,420.13","1,405.71","","0.09%"
"2023-5-2","1,405.50","1,420.77","1,423.51","1,401.63","","-1.07%"
"2023-5-1","1,420.65","1,420.65","1,423.37","1,415.00","","0.06%"
"2023-4-28","1,419.74","1,412.85","1,420.79","1,404.42","","0.57%"
"2023-4-27","1,411.63","1,396.96","1,412.73","1,396.19","","1.10%"
"2023-4-26","1,396.29","1,402.06","1,406.83","1,392.75","","-0.41%"
"2023-4-25","1,402.06","1,433.68","1,434.28","1,401.94","","-2.15%"
"2023-4-24","1,432.91","1,439.10","1,441.86","1,426.80","","-0.38%"
"2023-4-21","1,438.34","1,436.23","1,441.03","1,428.50","","0.01%"
"2023-4-20","1,438.23","1,452.16","1,452.48","1,433.09","","-0.92%"
"2023-4-19","1,451.58","1,461.76","1,461.99","1,447.29","","-0.85%"
"2023-4-18","1,464.07","1,462.01","1,474.31","1,459.87","","0.24%"
"2023-4-17","1,460.62","1,455.00","1,461.23","1,453.57","","0.31%"
"2023-4-14","1,456.16","1,466.61","1,469.60","1,447.13","","-0.52%"
"2023-4-13","1,463.82","1,444.72","1,466.24","1,444.14","","1.47%"
"2023-4-12","1,442.65","1,450.38","1,466.86","1,442.59","","-0.44%"
"2023-4-11","1,449.06","1,448.52","1,456.53","1,444.51","","0.38%"
"2023-4-10","1,443.58","1,437.72","1,444.86","1,424.08","","0.23%"
"2023-4-7","1,440.28","1,439.74","1,440.63","1,438.25","","0.15%"
"2023-4-6","1,438.18","1,433.42","1,441.37","1,421.76","","0.00%"
"2023-4-5","1,438.13","1,466.38","1,467.36","1,432.92","","-2.28%"
"2023-4-4","1,471.69","1,483.54","1,490.17","1,468.12","","-0.85%"
"2023-4-3","1,484.37","1,487.66","1,489.84","1,473.07","","-0.29%"
"2023-3-31","1,488.65","1,457.85","1,488.93","1,450.72","","2.34%"
"2023-3-30","1,454.57","1,435.42","1,459.46","1,435.26","","1.17%"
"2023-3-29","1,437.68","1,416.15","1,438.18","1,413.64","","1.60%"
"2023-3-28","1,415.07","1,421.16","1,425.03","1,410.04","","-0.33%"
"2023-3-27","1,419.78","1,417.23","1,427.79","1,412.94","","0.27%"
"2023-3-24","1,415.89","1,429.47","1,430.82","1,406.96","","-1.06%"
"2023-3-23","1,431.12","1,415.16","1,444.23","1,409.38","","1.46%"
"2023-3-22","1,410.51","1,434.27","1,444.98","1,410.36","","-1.30%"
"2023-3-21","1,429.06","1,409.02","1,431.83","1,408.29","","1.43%"
"2023-3-20","1,408.91","1,407.27","1,414.07","1,399.64","","0.00%"
"2023-3-17","1,408.84","1,425.04","1,428.34","1,402.58","","-0.84%"
"2023-3-16","1,420.82","1,390.00","1,422.28","1,385.74","","2.15%"
"2023-3-15","1,390.91","1,413.47","1,414.39","1,374.08","","-1.45%"
"2023-3-14","1,411.35","1,393.55","1,419.83","1,392.16","","0.70%"
"2023-3-13","1,401.53","1,403.69","1,414.14","1,375.55","","-0.28%"
"2023-3-10","1,405.45","1,431.19","1,432.31","1,395.61","","-2.12%"
"2023-3-9","1,435.83","1,460.53","1,472.92","1,435.69","","-1.61%"
"2023-3-8","1,459.37","1,451.38","1,461.97","1,446.56","","0.31%"
"2023-3-7","1,454.84","1,479.87","1,481.15","1,450.97","","-1.71%"
"2023-3-6","1,480.18","1,481.73","1,501.11","1,478.65","","0.26%"
"2023-3-3","1,476.32","1,435.32","1,480.76","1,434.82","","3.01%"
"2023-3-2","1,433.19","1,425.60","1,434.43","1,410.21","","0.40%"
"2023-3-1","1,427.52","1,432.67","1,442.30","1,424.51","","-0.31%"
"2023-2-28","1,431.94","1,428.52","1,439.46","1,424.78","","0.42%"
"2023-2-27","1,425.93","1,414.53","1,434.99","1,413.99","","0.89%"
"2023-2-24","1,413.35","1,438.69","1,440.32","1,403.82","","-1.66%"
"2023-2-23","1,437.22","1,427.31","1,444.40","1,418.34","","0.71%"
"2023-2-22","1,427.09","1,415.24","1,431.90","1,411.63","","0.67%"
"2023-2-21","1,417.62","1,453.40","1,453.67","1,415.63","","-2.63%"
"2023-2-20","1,455.92","1,455.16","1,457.72","1,453.20","","0.10%"
"2023-2-17","1,454.48","1,465.95","1,466.59","1,444.25","","-1.13%"
"2023-2-16","1,471.14","1,483.13","1,488.34","1,459.24","","-0.44%"
"2023-2-15","1,477.61","1,459.02","1,478.39","1,451.61","","1.11%"
"2023-2-14","1,461.39","1,447.67","1,467.26","1,433.31","","1.36%"
"2023-2-13","1,441.80","1,428.75","1,447.50","1,428.20","","0.55%"
"2023-2-10","1,433.93","1,452.79","1,455.99","1,426.12","","-1.47%"
"2023-2-9","1,455.34","1,472.12","1,491.81","1,450.91","","-1.07%"
"2023-2-8","1,471.10","1,484.14","1,496.65","1,469.81","","-0.85%"
"2023-2-7","1,483.69","1,477.83","1,487.63","1,459.21","","0.54%"
"2023-2-6","1,475.73","1,494.54","1,495.61","1,469.88","","-1.55%"
"2023-2-3","1,498.98","1,515.22","1,518.44","1,484.05","","-1.05%"
"2023-2-2","1,514.87","1,479.57","1,525.35","1,478.24","","2.79%"
"2023-2-1","1,473.78","1,430.26","1,483.45","1,429.99","","3.01%"
"2023-1-31","1,430.70","1,402.76","1,431.38","1,398.49","","1.85%"
"2023-1-30","1,404.76","1,429.56","1,563.13","1,403.36","","-1.61%"
"2023-1-27","1,427.78","1,413.08","1,433.71","1,408.09","","1.25%"
"2023-1-26","1,410.20","1,391.88","1,414.09","1,391.40","","1.38%"
"2023-1-25","1,390.98","1,399.39","1,400.24","1,367.26","","-0.53%"
"2023-1-24","1,398.39","1,408.21","1,410.81","1,393.81","","-0.29%"
"2023-1-23","1,402.48","1,374.82","1,403.62","1,374.06","","2.39%"
"2023-1-20","1,369.75","1,348.44","1,371.70","1,348.02","","1.58%"
"2023-1-19","1,348.39","1,370.75","1,371.29","1,344.68","","-1.84%"
"2023-1-18","1,373.68","1,375.01","1,403.84","1,371.10","","-0.12%"
"2023-1-17","1,375.37","1,363.60","1,376.47","1,359.41","","0.99%"
"2023-1-16","1,361.93","1,367.50","1,368.31","1,357.41","","-0.36%"
"2023-1-13","1,366.90","1,356.46","1,367.50","1,345.35","","0.72%"
"2023-1-12","1,357.14","1,340.36","1,359.87","1,331.68","","1.43%"
"2023-1-11","1,337.96","1,317.00","1,338.58","1,316.01","","2.02%"
"2023-1-10","1,311.52","1,311.16","1,312.32","1,299.63","","0.01%"
"2023-1-9","1,311.45","1,287.67","1,325.52","1,287.00","","2.21%"
"2023-1-6","1,283.15","1,261.94","1,288.35","1,254.60","","1.78%"
"2023-1-5","1,260.69","1,281.45","1,285.18","1,259.64","","-1.64%"
"2023-1-4","1,281.65","1,264.18","1,287.73","1,263.15","","1.37%"
"2023-1-3","1,264.37","1,267.17","1,290.00","1,256.85","","0.03%"
"2023-1-2","1,263.93","1,256.27","1,265.53","1,255.58","","0.74%"
"2022-12-30","1,254.60","1,260.02","1,260.61","1,245.70","","-0.22%"
"2022-12-29","1,257.31","1,228.94","1,259.03","1,226.77","","2.35%"
"2022-12-28","1,228.49","1,236.78","1,241.35","1,225.51","","-0.90%"
"2022-12-27","1,239.67","1,251.21","1,254.22","1,235.94","","-0.75%"
"2022-12-26","1,249.07","1,250.07","1,251.38","1,248.90","","0.01%"
"2022-12-23","1,248.93","1,249.44","1,253.90","1,238.12","","-0.28%"
"2022-12-22","1,252.40","1,281.41","1,282.77","1,237.24","","-2.04%"
"2022-12-21","1,278.51","1,264.22","1,282.42","1,264.00","","0.89%"
"2022-12-20","1,267.25","1,266.02","1,274.66","1,257.00","","-0.10%"
"2022-12-19","1,268.49","1,286.66","1,291.22","1,265.50","","-1.47%"
"2022-12-16","1,287.47","1,302.73","1,303.50","1,282.51","","-1.41%"
"2022-12-15","1,305.92","1,346.18","1,347.36","1,303.00","","-3.22%"
"2022-12-14","1,349.38","1,354.19","1,362.67","1,339.96","","-0.27%"
"2022-12-13","1,353.03","1,325.55","1,384.23","1,324.53","","2.11%"
"2022-12-12","1,325.12","1,307.93","1,325.39","1,305.05","","1.16%"
"2022-12-9","1,309.98","1,315.91","1,320.77","1,309.22","","-0.03%"
"2022-12-8","1,310.37","1,289.66","1,316.88","1,287.92","","1.42%"
"2022-12-7","1,291.98","1,298.04","1,301.48","1,286.38","","-0.75%"
"2022-12-6","1,301.79","1,326.86","1,327.90","1,294.68","","-2.18%"
"2022-12-5","1,330.80","1,360.62","1,361.19","1,324.24","","-1.79%"
"2022-12-2","1,355.07","1,354.27","1,361.08","1,336.61","","-0.08%"
"2022-12-1","1,356.09","1,336.09","1,363.59","1,334.33","","2.32%"
"2022-11-30","1,325.36","1,293.72","1,331.22","1,291.53","","2.36%"
"2022-11-29","1,294.82","1,306.75","1,308.37","1,291.44","","-0.96%"
"2022-11-28","1,307.32","1,330.27","1,331.76","1,302.03","","-1.98%"
"2022-11-25","1,333.66","1,335.85","1,336.26","1,327.34","","-0.24%"
"2022-11-24","1,336.82","1,331.18","1,338.56","1,329.51","","0.95%"
"2022-11-23","1,324.23","1,309.58","1,329.23","1,306.91","","1.25%"
"2022-11-22","1,307.94","1,300.11","1,309.12","1,295.86","","0.78%"
"2022-11-21","1,297.84","1,313.53","1,314.91","1,294.90","","-1.56%"
"2022-11-18","1,318.36","1,316.60","1,334.43","1,312.55","","0.26%"
"2022-11-17","1,314.98","1,331.06","1,336.88","1,305.19","","-1.39%"
"2022-11-16","1,333.45","1,362.66","1,365.90","1,330.08","","-2.15%"
"2022-11-15","1,362.80","1,341.81","1,371.29","1,339.43","","1.51%"
"2022-11-14","1,342.56","1,362.60","1,364.41","1,336.63","","-1.62%"
"2022-11-11","1,364.62","1,324.31","1,370.90","1,321.61","","3.88%"
"2022-11-10","1,313.70","1,221.86","1,315.47","1,212.91","","7.30%"
"2022-11-9","1,224.30","1,249.66","1,252.56","1,222.03","","-2.03%"
"2022-11-8","1,249.65","1,235.27","1,263.61","1,231.65","","1.43%"
"2022-11-7","1,232.02","1,222.62","1,236.18","1,218.71","","1.02%"
"2022-11-4","1,219.57","1,205.54","1,230.90","1,204.18","","1.09%"
"2022-11-3","1,206.47","1,222.59","1,222.73","1,199.01","","-1.52%"
"2022-11-2","1,225.05","1,263.55","1,264.53","1,222.34","","-2.88%"
"2022-11-1","1,261.38","1,258.79","1,287.58","1,258.68","","0.30%"
"2022-10-31","1,257.59","1,265.11","1,266.45","1,248.08","","-0.33%"
"2022-10-28","1,261.73","1,255.11","1,263.10","1,238.53","","0.25%"
"2022-10-27","1,258.58","1,257.03","1,272.93","1,247.13","","0.25%"
"2022-10-26","1,255.38","1,247.21","1,275.94","1,242.51","","0.67%"
"2022-10-25","1,247.07","1,216.52","1,248.69","1,212.00","","2.64%"
"2022-10-24","1,215.05","1,208.48","1,216.47","1,196.08","","0.99%"
"2022-10-21","1,203.14","1,185.26","1,209.43","1,174.68","","1.13%"
"2022-10-20","1,189.71","1,186.00","1,207.40","1,182.86","","-0.05%"
"2022-10-19","1,190.35","1,207.35","1,208.25","1,184.78","","-1.42%"
"2022-10-18","1,207.53","1,191.96","1,226.07","1,189.35","","1.63%"
"2022-10-17","1,188.15","1,152.90","1,194.81","1,150.92","","2.76%"
"2022-10-14","1,156.23","1,181.05","1,194.35","1,154.02","","-1.50%"
"2022-10-13","1,173.89","1,157.53","1,180.17","1,120.63","","1.26%"
"2022-10-12","1,159.32","1,160.35","1,164.08","1,150.76","","-0.16%"
"2022-10-11","1,161.23","1,173.83","1,177.15","1,150.37","","-1.66%"
"2022-10-10","1,180.87","1,204.23","1,205.85","1,173.23","","-2.12%"
"2022-10-7","1,206.40","1,249.27","1,249.92","1,201.17","","-3.70%"
"2022-10-6","1,252.76","1,259.71","1,267.26","1,247.57","","-0.16%"
"2022-10-5","1,254.71","1,265.96","1,266.90","1,233.59","","-0.67%"
"2022-10-4","1,263.20","1,210.93","1,265.46","1,209.83","","4.64%"
"2022-10-3","1,207.23","1,179.23","1,211.99","1,173.65","","2.40%"
"2022-9-30","1,178.99","1,182.60","1,202.79","1,178.43","","-0.55%"
"2022-9-29","1,185.56","1,209.12","1,209.85","1,172.53","","-1.67%"
"2022-9-28","1,205.67","1,180.70","1,213.04","1,175.75","","1.47%"
"2022-9-27","1,188.26","1,181.92","1,202.78","1,178.37","","0.61%"
"2022-9-26","1,181.06","1,185.37","1,207.07","1,178.75","","-1.28%"
"2022-9-23","1,196.32","1,221.19","1,221.84","1,184.52","","-2.13%"
"2022-9-22","1,222.30","1,250.33","1,256.88","1,219.44","","-2.56%"
"2022-9-21","1,254.36","1,260.58","1,284.37","1,253.72","","-0.76%"
"2022-9-20","1,263.91","1,280.64","1,283.14","1,259.57","","-1.15%"
"2022-9-19","1,278.67","1,274.89","1,280.52","1,264.11","","0.15%"
"2022-9-16","1,276.76","1,293.35","1,294.07","1,267.61","","-1.54%"
"2022-9-15","1,296.71","1,307.21","1,317.01","1,292.58","","-1.05%"
"2022-9-14","1,310.46","1,309.03","1,314.54","1,298.49","","-0.44%"
"2022-9-13","1,316.19","1,368.91","1,373.24","1,312.53","","-3.84%"
"2022-9-12","1,368.72","1,350.32","1,369.63","1,349.59","","1.46%"
"2022-9-9","1,348.96","1,321.80","1,350.11","1,320.03","","2.49%"
"2022-9-8","1,316.19","1,303.30","1,316.95","1,287.40","","1.41%"
"2022-9-7","1,297.86","1,279.29","1,302.01","1,273.75","","0.95%"
"2022-9-6","1,285.68","1,294.92","1,297.10","1,280.51","","-0.55%"
"2022-9-5","1,292.74","1,297.15","1,297.44","1,289.30","","-0.51%"
"2022-9-2","1,299.38","1,302.30","1,320.84","1,293.12","","-0.36%"
"2022-9-1","1,304.05","1,337.03","1,338.03","1,286.70","","-3.01%"
"2022-8-31","1,344.50","1,353.78","1,361.76","1,341.49","","-0.59%"
"2022-8-30","1,352.46","1,361.38","1,374.70","1,346.50","","-0.36%"
"2022-8-29","1,357.32","1,368.84","1,370.69","1,356.00","","-1.64%"
"2022-8-26","1,380.01","1,421.33","1,424.10","1,377.88","","-2.80%"
"2022-8-25","1,419.81","1,398.27","1,420.24","1,395.54","","1.58%"
"2022-8-24","1,397.66","1,374.93","1,403.93","1,372.98","","1.55%"
"2022-8-23","1,376.33","1,382.92","1,394.12","1,374.69","","-0.76%"
"2022-8-22","1,386.88","1,426.39","1,426.92","1,383.79","","-2.94%"
"2022-8-19","1,428.88","1,466.87","1,468.15","1,427.23","","-2.93%"
"2022-8-18","1,472.01","1,470.43","1,473.78","1,462.74","","-0.06%"
"2022-8-17","1,472.84","1,502.14","1,503.04","1,467.15","","-1.83%"
"2022-8-16","1,500.23","1,509.62","1,510.77","1,485.64","","-0.75%"
"2022-8-15","1,511.60","1,506.78","1,512.96","1,497.30","","0.35%"
"2022-8-12","1,506.40","1,491.31","1,507.26","1,486.77","","1.20%"
"2022-8-11","1,488.48","1,492.89","1,515.64","1,484.44","","-0.40%"
"2022-8-10","1,494.49","1,441.30","1,494.50","1,437.30","","3.55%"
"2022-8-9","1,443.29","1,473.08","1,473.70","1,437.02","","-2.08%"
"2022-8-8","1,473.98","1,462.08","1,486.21","1,461.67","","0.74%"
"2022-8-5","1,463.09","1,471.87","1,472.76","1,447.87","","-0.51%"
"2022-8-4","1,470.54","1,461.62","1,472.48","1,457.44","","0.88%"
"2022-8-3","1,457.71","1,430.73","1,462.24","1,428.79","","1.94%"
"2022-8-2","1,429.97","1,429.75","1,438.87","1,415.15","","-0.17%"
"2022-8-1","1,432.40","1,425.59","1,440.19","1,411.79","","0.86%"
"2022-7-29","1,420.23","1,405.21","1,423.04","1,399.23","","1.21%"
"2022-7-28","1,403.25","1,388.40","1,405.35","1,373.47","","1.48%"
"2022-7-27","1,382.78","1,344.84","1,390.42","1,343.92","","2.70%"
"2022-7-26","1,346.49","1,371.86","1,372.03","1,343.90","","-1.71%"
"2022-7-25","1,369.91","1,382.13","1,382.45","1,362.88","","-1.13%"
"2022-7-22","1,385.51","1,412.16","1,418.63","1,377.36","","-1.68%"
"2022-7-21","1,409.20","1,391.04","1,410.25","1,386.31","","1.52%"
"2022-7-20","1,388.06","1,353.55","1,389.20","1,352.86","","3.04%"
"2022-7-19","1,347.11","1,311.58","1,347.12","1,309.79","","2.83%"
"2022-7-18","1,310.08","1,306.42","1,331.78","1,305.79","","0.48%"
"2022-7-15","1,303.81","1,276.46","1,304.31","1,275.49","","2.33%"
"2022-7-14","1,274.10","1,291.55","1,292.43","1,257.23","","-1.42%"
"2022-7-13","1,292.48","1,297.34","1,302.11","1,270.71","","-0.40%"
"2022-7-12","1,297.64","1,313.86","1,322.61","1,292.38","","-1.81%"
"2022-7-11","1,321.61","1,355.68","1,355.78","1,318.97","","-2.59%"
"2022-7-8","1,356.69","1,357.09","1,364.38","1,338.42","","0.18%"
"2022-7-7","1,354.19","1,320.00","1,356.09","1,318.41","","2.82%"
"2022-7-6","1,317.05","1,317.97","1,330.86","1,311.01","","0.08%"
"2022-7-5","1,315.96","1,304.31","1,316.96","1,277.76","","0.99%"
"2022-7-4","1,303.05","1,304.45","1,306.97","1,302.63","","0.09%"
"2022-7-1","1,301.88","1,293.20","1,307.63","1,287.11","","0.51%"
"2022-6-30","1,295.26","1,316.39","1,317.83","1,276.98","","-1.87%"
"2022-6-29","1,319.95","1,336.87","1,338.19","1,310.12","","-1.56%"
"2022-6-28","1,340.81","1,369.21","1,378.72","1,340.43","","-2.23%"
"2022-6-27","1,371.37","1,376.84","1,386.03","1,363.16","","-0.05%"
"2022-6-24","1,372.08","1,339.30","1,372.21","1,338.69","","2.84%"
"2022-6-23","1,334.24","1,310.25","1,336.43","1,304.32","","1.75%"
"2022-6-22","1,311.34","1,308.96","1,322.10","1,288.77","","-0.04%"
"2022-6-21","1,311.91","1,298.29","1,326.80","1,295.50","","1.55%"
"2022-6-20","1,291.83","1,288.15","1,291.89","1,286.90","","0.12%"
"2022-6-17","1,290.24","1,272.83","1,299.25","1,272.24","","0.77%"
"2022-6-16","1,280.32","1,330.84","1,331.59","1,276.41","","-3.47%"
"2022-6-15","1,326.35","1,297.76","1,340.41","1,296.88","","1.87%"
"2022-6-14","1,301.96","1,311.33","1,315.15","1,292.22","","-1.09%"
"2022-6-13","1,316.31","1,378.92","1,380.30","1,311.97","","-5.38%"
"2022-6-10","1,391.13","1,435.36","1,436.27","1,387.95","","-3.39%"
"2022-6-9","1,439.88","1,478.53","1,479.12","1,438.22","","-2.53%"
"2022-6-8","1,477.28","1,476.71","1,486.49","1,469.64","","0.21%"
"2022-6-7","1,474.23","1,463.28","1,475.27","1,444.13","","0.46%"
"2022-6-6","1,467.50","1,461.46","1,483.71","1,460.82","","0.47%"
"2022-6-3","1,460.61","1,487.33","1,489.10","1,454.99","","-1.49%"
"2022-6-2","1,482.65","1,438.05","1,484.45","1,434.69","","2.87%"
"2022-6-1","1,441.35","1,453.35","1,469.69","1,432.05","","-0.82%"
"2022-5-31","1,453.24","1,471.02","1,471.74","1,444.33","","-1.28%"
"2022-5-30","1,472.04","1,467.88","1,476.21","1,467.13","","0.97%"
"2022-5-27","1,457.87","1,415.75","1,458.50","1,414.16","","3.34%"
"2022-5-26","1,410.77","1,386.63","1,417.03","1,384.63","","1.77%"
"2022-5-25","1,386.28","1,371.46","1,393.17","1,362.88","","0.96%"
"2022-5-24","1,373.06","1,409.11","1,409.43","1,366.91","","-2.80%"
"2022-5-23","1,412.58","1,401.92","1,415.89","1,395.14","","1.07%"
"2022-5-20","1,397.62","1,396.07","1,417.51","1,373.50","","0.43%"
"2022-5-19","1,391.57","1,368.45","1,403.86","1,360.88","","1.28%"
"2022-5-18","1,374.05","1,403.90","1,406.33","1,368.83","","-1.97%"
"2022-5-17","1,401.61","1,371.86","1,405.95","1,371.27","","2.18%"
"2022-5-16","1,371.75","1,393.18","1,393.85","1,371.25","","-0.97%"
"2022-5-13","1,385.24","1,329.84","1,388.46","1,329.71","","5.00%"
"2022-5-12","1,319.29","1,303.12","1,330.06","1,280.45","","0.78%"
"2022-5-11","1,309.09","1,340.39","1,352.11","1,306.96","","-2.10%"
"2022-5-10","1,337.17","1,327.21","1,358.88","1,312.96","","0.49%"
"2022-5-9","1,330.64","1,390.28","1,391.21","1,328.28","","-4.70%"
"2022-5-6","1,396.25","1,423.11","1,423.69","1,372.32","","-2.02%"
"2022-5-5","1,425.10","1,490.19","1,495.76","1,414.71","","-4.05%"
"2022-5-4","1,485.19","1,454.44","1,490.81","1,437.17","","2.03%"
"2022-5-3","1,455.62","1,456.79","1,463.90","1,445.92","","-0.03%"
"2022-5-2","1,456.06","1,443.60","1,456.07","1,427.35","","0.52%"
"2022-4-29","1,448.51","1,467.76","1,488.80","1,446.49","","-1.15%"
"2022-4-28","1,465.42","1,435.64","1,470.84","1,430.11","","2.11%"
"2022-4-27","1,435.14","1,445.04","1,456.71","1,433.12","","-1.09%"
"2022-4-26","1,450.97","1,498.14","1,499.23","1,450.01","","-2.80%"
"2022-4-25","1,492.74","1,483.09","1,493.10","1,467.70","","0.28%"
"2022-4-22","1,488.63","1,522.63","1,524.31","1,487.71","","-2.59%"
"2022-4-21","1,528.22","1,548.83","1,579.55","1,525.27","","-1.29%"
"2022-4-20","1,548.23","1,554.56","1,565.91","1,547.55","","-0.09%"
"2022-4-19","1,549.57","1,525.36","1,552.55","1,519.60","","1.63%"
"2022-4-18","1,524.70","1,533.62","1,534.95","1,513.34","","-0.98%"
"2022-4-15","1,539.75","1,538.67","1,539.75","1,537.08","","-0.21%"
"2022-4-14","1,542.99","1,572.04","1,576.51","1,542.98","","-1.53%"
"2022-4-13","1,567.03","1,552.07","1,572.46","1,545.51","","1.25%"
"2022-4-12","1,547.73","1,549.24","1,581.20","1,542.61","","-0.37%"
"2022-4-11","1,553.43","1,570.32","1,571.26","1,542.32","","-1.60%"
"2022-4-8","1,578.71","1,596.71","1,602.24","1,577.25","","-1.05%"
"2022-4-7","1,595.53","1,598.35","1,605.06","1,578.26","","-0.66%"
"2022-4-6","1,606.11","1,642.38","1,642.92","1,593.50","","-2.71%"
"2022-4-5","1,650.91","1,690.48","1,692.84","1,645.04","","-2.27%"
"2022-4-4","1,689.30","1,659.44","1,689.48","1,658.55","","2.00%"
"2022-4-1","1,656.18","1,656.07","1,663.15","1,643.89","","-0.31%"
"2022-3-31","1,661.35","1,687.35","1,691.55","1,658.70","","-1.77%"
"2022-3-30","1,691.21","1,715.57","1,717.40","1,686.05","","-1.26%"
"2022-3-29","1,712.87","1,663.58","1,715.93","1,662.77","","3.25%"
"2022-3-28","1,659.01","1,644.10","1,659.47","1,635.37","","0.51%"
"2022-3-25","1,650.60","1,672.71","1,673.54","1,640.47","","-1.31%"
"2022-3-24","1,672.48","1,652.50","1,672.50","1,645.04","","1.14%"
"2022-3-23","1,653.61","1,679.76","1,682.75","1,648.77","","-1.18%"
"2022-3-22","1,673.44","1,649.36","1,677.02","1,644.82","","1.32%"
"2022-3-21","1,651.68","1,663.14","1,666.84","1,637.77","","-0.72%"
"2022-3-18","1,663.65","1,634.02","1,665.02","1,625.91","","1.90%"
"2022-3-17","1,632.66","1,601.16","1,632.71","1,596.71","","2.74%"
"2022-3-16","1,589.18","1,529.61","1,591.12","1,528.35","","4.08%"
"2022-3-15","1,526.89","1,506.03","1,527.22","1,498.56","","1.40%"
"2022-3-14","1,505.77","1,529.09","1,537.17","1,501.54","","-1.68%"
"2022-3-11","1,531.47","1,558.57","1,575.54","1,528.99","","-2.40%"
"2022-3-10","1,569.17","1,590.71","1,594.45","1,555.69","","-0.57%"
"2022-3-9","1,578.21","1,534.77","1,583.03","1,532.04","","2.97%"
"2022-3-8","1,532.67","1,542.48","1,561.05","1,524.52","","-0.89%"
"2022-3-7","1,546.40","1,572.37","1,583.28","1,546.15","","-2.53%"
"2022-3-4","1,586.58","1,622.35","1,623.84","1,581.60","","-2.77%"
"2022-3-3","1,631.82","1,666.08","1,670.49","1,626.94","","-1.74%"
"2022-3-2","1,660.68","1,636.02","1,665.73","1,631.31","","1.13%"
"2022-3-1","1,642.18","1,683.14","1,683.86","1,633.77","","-2.04%"
"2022-2-28","1,676.35","1,645.85","1,682.00","1,643.08","","1.64%"
"2022-2-25","1,649.31","1,626.53","1,649.73","1,615.36","","2.24%"
"2022-2-24","1,613.13","1,578.03","1,617.59","1,530.12","","1.64%"
"2022-2-23","1,587.16","1,610.79","1,627.55","1,585.75","","-1.39%"
"2022-2-22","1,609.46","1,622.39","1,630.72","1,601.24","","-1.16%"
"2022-2-21","1,628.37","1,632.36","1,637.09","1,625.79","","-0.54%"
"2022-2-18","1,637.25","1,655.24","1,658.83","1,631.70","","-1.28%"
"2022-2-17","1,658.49","1,702.55","1,706.80","1,656.69","","-2.86%"
"2022-2-16","1,707.28","1,712.70","1,715.75","1,691.22","","-0.02%"
"2022-2-15","1,707.58","1,666.23","1,709.11","1,665.61","","2.40%"
"2022-2-14","1,667.50","1,685.14","1,687.36","1,661.20","","-1.80%"
"2022-2-11","1,698.00","1,729.69","1,735.26","1,692.13","","-2.10%"
"2022-2-10","1,734.43","1,766.46","1,767.71","1,727.63","","-1.65%"
"2022-2-9","1,763.47","1,721.50","1,763.64","1,720.50","","2.77%"
"2022-2-8","1,716.02","1,699.62","1,718.59","1,691.51","","0.98%"
"2022-2-7","1,699.30","1,698.56","1,717.22","1,695.85","","-0.13%"
"2022-2-4","1,701.47","1,687.38","1,709.94","1,678.27","","1.16%"
"2022-2-3","1,681.98","1,723.33","1,725.05","1,680.07","","-2.87%"
"2022-2-2","1,731.63","1,738.61","1,755.53","1,722.44","","0.14%"
"2022-2-1","1,729.15","1,716.35","1,731.09","1,703.37","","0.99%"
"2022-1-31","1,712.15","1,661.29","1,713.79","1,661.00","","3.54%"
"2022-1-28","1,653.62","1,628.93","1,653.63","1,607.46","","1.81%"
"2022-1-27","1,624.16","1,648.81","1,663.56","1,621.21","","-2.49%"
"2022-1-26","1,665.69","1,670.61","1,708.85","1,655.13","","-0.29%"
"2022-1-25","1,670.61","1,707.10","1,709.83","1,661.54","","-2.81%"
"2022-1-24","1,718.83","1,718.46","1,720.32","1,652.21","","-0.29%"
"2022-1-21","1,723.85","1,754.37","1,757.13","1,723.51","","-2.48%"
"2022-1-20","1,767.61","1,776.50","1,811.21","1,763.26","","-0.40%"
"2022-1-19","1,774.74","1,787.19","1,805.73","1,774.67","","-0.92%"
"2022-1-18","1,791.27","1,824.52","1,828.83","1,789.32","","-1.45%"
"2022-1-17","1,817.59","1,811.30","1,818.16","1,810.64","","0.27%"
"2022-1-14","1,812.69","1,820.28","1,821.97","1,791.84","","-0.65%"
"2022-1-13","1,824.52","1,858.14","1,867.05","1,821.93","","-1.77%"
"2022-1-12","1,857.33","1,860.16","1,879.57","1,851.84","","0.48%"
"2022-1-11","1,848.41","1,816.65","1,851.41","1,813.65","","1.49%"
"2022-1-10","1,821.25","1,835.23","1,837.09","1,785.01","","-0.73%"
"2022-1-7","1,834.60","1,854.61","1,866.77","1,830.57","","-1.14%"
"2022-1-6","1,855.72","1,859.96","1,869.56","1,837.05","","-0.90%"
"2022-1-5","1,872.60","1,923.37","1,926.53","1,870.17","","-2.66%"
"2022-1-4","1,923.85","1,940.79","1,944.50","1,906.21","","-0.62%"
"2022-1-3","1,935.76","1,927.08","1,937.14","1,918.79","","0.39%"
"2021-12-31","1,928.32","1,936.97","1,940.53","1,927.81","","-0.46%"
"2021-12-30","1,937.15","1,933.36","1,949.19","1,930.43","","-0.04%"
"2021-12-29","1,937.93","1,943.77","1,946.01","1,932.99","","-0.35%"
"2021-12-28","1,944.77","1,953.70","1,959.80","1,941.20","","-0.15%"
"2021-12-27","1,947.75","1,930.60","1,948.42","1,929.78","","0.72%"
"2021-12-24","1,933.89","1,933.60","1,934.91","1,932.97","","0.07%"
"2021-12-23","1,932.53","1,920.08","1,936.91","1,919.77","","0.73%"
"2021-12-22","1,918.44","1,900.47","1,919.83","1,897.58","","1.12%"
"2021-12-21","1,897.18","1,859.59","1,898.03","1,858.96","","2.35%"
"2021-12-20","1,853.65","1,878.82","1,880.04","1,844.52","","-1.78%"
"2021-12-17","1,887.21","1,877.21","1,897.18","1,856.93","","0.29%"
"2021-12-16","1,881.69","1,920.92","1,934.20","1,878.00","","-1.77%"
"2021-12-15","1,915.61","1,884.44","1,916.99","1,870.60","","1.84%"
"2021-12-14","1,881.02","1,906.04","1,907.45","1,867.15","","-1.56%"
"2021-12-13","1,910.92","1,923.41","1,925.17","1,900.09","","-0.60%"
"2021-12-10","1,922.36","1,924.50","1,939.11","1,915.08","","-0.11%"
"2021-12-9","1,924.48","1,946.30","1,956.22","1,922.68","","-1.18%"
"2021-12-8","1,947.38","1,936.75","1,950.32","1,921.00","","1.03%"
"2021-12-7","1,927.44","1,879.71","1,936.18","1,876.90","","3.01%"
"2021-12-6","1,871.07","1,863.34","1,876.94","1,843.50","","0.08%"
"2021-12-3","1,869.58","1,901.53","1,910.00","1,855.19","","-1.29%"
"2021-12-2","1,894.06","1,881.36","1,904.02","1,874.45","","0.47%"
"2021-12-1","1,885.29","1,900.90","1,943.66","1,883.89","","-0.58%"
"2021-11-30","1,896.28","1,928.55","1,932.13","1,888.45","","-1.54%"
"2021-11-29","1,925.98","1,902.60","1,931.33","1,899.77","","0.88%"
"2021-11-26","1,909.24","1,936.31","1,938.90","1,903.57","","-1.76%"
"2021-11-25","1,943.43","1,942.23","1,944.22","1,940.64","","-0.02%"
"2021-11-24","1,943.79","1,941.50","1,944.56","1,915.34","","-0.10%"
"2021-11-23","1,945.69","1,969.62","1,971.78","1,930.21","","-1.35%"
"2021-11-22","1,972.31","1,998.87","2,001.74","1,965.82","","-1.25%"
"2021-11-19","1,997.30","2,000.03","2,007.15","1,994.63","","0.06%"
"2021-11-18","1,996.09","2,008.66","2,010.19","1,986.62","","-0.42%"
"2021-11-17","2,004.47","2,016.26","2,020.21","2,004.31","","-0.55%"
"2021-11-16","2,015.62","2,000.15","2,015.80","1,991.75","","0.96%"
"2021-11-15","1,996.38","2,001.35","2,007.06","1,987.21","","0.18%"
"2021-11-12","1,992.80","1,980.18","1,994.17","1,978.32","","0.92%"
"2021-11-11","1,974.61","1,966.68","1,982.48","1,963.99","","0.33%"
"2021-11-10","1,968.12","2,010.16","2,012.61","1,959.35","","-2.23%"
"2021-11-9","2,013.05","2,019.22","2,022.39","2,000.91","","-0.36%"
"2021-11-8","2,020.32","2,005.84","2,024.89","2,004.97","","0.51%"
"2021-11-5","2,010.00","2,025.53","2,027.08","2,004.19","","-0.89%"
"2021-11-4","2,028.14","2,028.14","2,028.84","2,002.74","","1.45%"
"2021-11-3","1,999.08","1,981.26","2,000.60","1,975.19","","0.89%"
"2021-11-2","1,981.41","1,974.58","1,982.51","1,972.90","","0.30%"
"2021-11-1","1,975.54","1,949.08","1,976.23","1,948.40","","1.59%"
"2021-10-29","1,944.61","1,942.97","1,944.72","1,931.10","","0.11%"
"2021-10-28","1,942.39","1,914.12","1,942.44","1,911.27","","1.41%"
"2021-10-27","1,915.29","1,933.81","1,942.34","1,915.24","","-1.15%"
"2021-10-26","1,937.55","1,941.47","1,953.29","1,933.73","","-0.05%"
"2021-10-25","1,938.43","1,924.84","1,943.18","1,922.48","","0.67%"
"2021-10-22","1,925.59","1,938.05","1,944.23","1,924.32","","-0.66%"
"2021-10-21","1,938.38","1,933.58","1,938.49","1,926.76","","0.15%"
"2021-10-20","1,935.40","1,932.95","1,936.47","1,925.14","","0.06%"
"2021-10-19","1,934.22","1,913.99","1,934.68","1,913.24","","1.32%"
"2021-10-18","1,909.07","1,905.71","1,909.60","1,898.54","","0.01%"
"2021-10-15","1,908.92","1,903.96","1,919.08","1,903.39","","0.68%"
"2021-10-14","1,896.01","1,868.71","1,897.17","1,867.09","","1.68%"
"2021-10-13","1,864.66","1,846.26","1,871.55","1,845.24","","1.00%"
"2021-10-12","1,846.18","1,837.52","1,849.48","1,835.18","","0.13%"
"2021-10-11","1,843.79","1,856.80","1,862.97","1,842.53","","-0.49%"
"2021-10-8","1,852.93","1,866.45","1,869.96","1,851.66","","-0.58%"
"2021-10-7","1,863.65","1,835.46","1,873.33","1,833.96","","1.77%"
"2021-10-6","1,831.17","1,833.89","1,836.53","1,811.82","","-0.35%"
"2021-10-5","1,837.56","1,826.48","1,851.42","1,821.41","","0.19%"
"2021-10-4","1,834.15","1,865.68","1,867.97","1,827.19","","-1.93%"
"2021-10-1","1,870.19","1,864.61","1,874.03","1,849.89","","-0.08%"
"2021-9-30","1,871.74","1,872.11","1,884.93","1,870.09","","-0.02%"
"2021-9-29","1,872.14","1,881.06","1,889.66","1,869.61","","-0.96%"
"2021-9-28","1,890.30","1,944.05","1,945.14","1,889.10","","-3.07%"
"2021-9-27","1,950.22","1,961.34","1,963.90","1,939.10","","-0.71%"
"2021-9-24","1,964.13","1,976.35","1,976.81","1,956.14","","-0.37%"
"2021-9-23","1,971.47","1,945.23","1,974.11","1,944.95","","1.29%"
"2021-9-22","1,946.42","1,925.71","1,950.39","1,923.77","","0.73%"
"2021-9-21","1,932.31","1,929.07","1,941.81","1,925.20","","-0.18%"
"2021-9-20","1,935.73","1,972.44","1,972.57","1,922.43","","-1.94%"
"2021-9-17","1,974.02","1,986.32","1,990.38","1,967.32","","-0.48%"
"2021-9-16","1,983.54","1,978.64","1,986.63","1,969.06","","0.01%"
"2021-9-15","1,983.39","1,974.44","1,983.73","1,968.09","","0.39%"
"2021-9-14","1,975.72","1,981.76","1,992.52","1,972.00","","-0.15%"
"2021-9-13","1,978.75","1,984.76","1,993.16","1,968.66","","-0.36%"
"2021-9-10","1,985.96","1,990.16","2,005.17","1,984.87","","0.01%"
"2021-9-9","1,985.80","1,982.56","1,995.92","1,979.75","","-0.02%"
"2021-9-8","1,986.25","2,002.67","2,004.01","1,978.38","","-0.80%"
"2021-9-7","2,002.23","2,017.45","2,019.82","2,001.37","","-0.63%"
"2021-9-6","2,014.92","2,012.25","2,015.61","2,010.88","","0.33%"
"2021-9-3","2,008.29","2,000.72","2,010.04","1,999.61","","0.54%"
"2021-9-2","1,997.56","1,986.85","2,001.74","1,986.49","","0.51%"
"2021-9-1","1,987.40","1,959.63","1,992.72","1,958.27","","1.48%"
"2021-8-31","1,958.37","1,945.91","1,961.03","1,944.84","","0.78%"
"2021-8-30","1,943.22","1,941.38","1,948.42","1,939.34","","0.36%"
"2021-8-27","1,936.30","1,913.14","1,939.81","1,911.38","","1.13%"
"2021-8-26","1,914.74","1,919.76","1,927.68","1,912.92","","-0.30%"
"2021-8-25","1,920.46","1,915.87","1,925.47","1,915.48","","0.18%"
"2021-8-24","1,917.07","1,891.95","1,918.24","1,891.04","","1.55%"
"2021-8-23","1,887.72","1,860.89","1,890.12","1,860.11","","1.88%"
"2021-8-20","1,852.89","1,839.15","1,855.02","1,835.50","","0.56%"
"2021-8-19","1,842.53","1,852.74","1,853.08","1,836.33","","-0.70%"
"2021-8-18","1,855.50","1,857.82","1,871.96","1,855.14","","0.02%"
"2021-8-17","1,855.21","1,873.84","1,875.26","1,847.57","","-1.18%"
"2021-8-16","1,877.41","1,888.94","1,889.89","1,867.18","","-1.02%"
"2021-8-13","1,896.69","1,901.91","1,904.07","1,896.53","","-0.27%"
"2021-8-12","1,901.86","1,893.80","1,903.50","1,892.04","","0.38%"
"2021-8-11","1,894.68","1,898.40","1,904.47","1,885.19","","-0.08%"
"2021-8-10","1,896.29","1,905.28","1,914.00","1,894.15","","-0.38%"
"2021-8-9","1,903.44","1,902.06","1,909.41","1,897.49","","0.13%"
"2021-8-6","1,901.05","1,914.56","1,915.49","1,890.63","","-0.73%"
"2021-8-5","1,915.12","1,894.44","1,915.51","1,893.59","","1.07%"
"2021-8-4","1,894.93","1,892.88","1,900.76","1,890.14","","0.06%"
"2021-8-3","1,893.82","1,892.56","1,897.76","1,881.97","","-0.02%"
"2021-8-2","1,894.12","1,890.52","1,904.07","1,890.30","","0.56%"
"2021-7-30","1,883.54","1,883.30","1,892.26","1,872.22","","-0.14%"
"2021-7-29","1,886.22","1,883.68","1,896.07","1,881.55","","0.45%"
"2021-7-28","1,877.70","1,852.89","1,883.02","1,850.76","","1.12%"
"2021-7-27","1,856.94","1,870.71","1,874.94","1,840.13","","-0.73%"
"2021-7-26","1,870.52","1,878.51","1,879.45","1,867.41","","-0.35%"
"2021-7-23","1,877.00","1,862.78","1,877.65","1,862.07","","0.78%"
"2021-7-22","1,862.56","1,861.63","1,871.43","1,855.98","","0.15%"
"2021-7-21","1,859.75","1,839.80","1,860.68","1,838.41","","1.19%"
"2021-7-20","1,837.80","1,810.52","1,845.68","1,808.12","","1.33%"
"2021-7-19","1,813.60","1,818.00","1,818.93","1,790.38","","-0.59%"
"2021-7-16","1,824.39","1,837.27","1,845.11","1,822.30","","-0.79%"
"2021-7-15","1,838.89","1,855.56","1,856.14","1,827.05","","-1.07%"
"2021-7-14","1,858.84","1,872.85","1,885.62","1,858.76","","-0.84%"
"2021-7-13","1,874.67","1,887.28","1,889.22","1,871.60","","-0.56%"
"2021-7-12","1,885.19","1,899.99","1,901.68","1,881.56","","-0.41%"
"2021-7-9","1,893.00","1,867.92","1,894.46","1,865.79","","0.94%"
"2021-7-8","1,875.32","1,886.96","1,887.83","1,848.42","","-0.77%"
"2021-7-7","1,889.82","1,901.34","1,909.75","1,877.04","","-0.68%"
"2021-7-6","1,902.82","1,901.59","1,903.74","1,889.07","","0.14%"
"2021-7-5","1,900.25","1,899.65","1,900.89","1,897.87","","0.06%"
"2021-7-2","1,899.08","1,897.93","1,910.61","1,895.20","","0.13%"
"2021-7-1","1,896.69","1,900.62","1,903.45","1,888.18","","-0.36%"
"2021-6-30","1,903.58","1,926.84","1,927.40","1,899.54","","-1.20%"
"2021-6-29","1,926.79","1,927.72","1,929.25","1,918.85","","-0.21%"
"2021-6-28","1,930.94","1,917.32","1,932.32","1,915.25","","0.66%"
"2021-6-25","1,918.20","1,914.89","1,924.22","1,910.79","","0.36%"
"2021-6-24","1,911.35","1,898.86","1,918.20","1,898.19","","0.46%"
"2021-6-23","1,902.53","1,896.90","1,910.96","1,895.56","","0.39%"
"2021-6-22","1,895.18","1,880.36","1,897.18","1,877.49","","1.21%"
"2021-6-21","1,872.57","1,862.17","1,877.34","1,852.26","","0.07%"
"2021-6-18","1,871.24","1,891.36","1,893.48","1,865.84","","-1.09%"
"2021-6-17","1,891.84","1,880.99","1,894.15","1,870.51","","0.10%"
"2021-6-16","1,889.99","1,892.88","1,897.35","1,870.38","","-0.35%"
"2021-6-15","1,896.58","1,907.60","1,911.11","1,893.24","","-0.50%"
"2021-6-14","1,906.09","1,894.86","1,908.11","1,894.44","","0.65%"
"2021-6-11","1,893.75","1,884.21","1,893.75","1,883.34","","0.65%"
"2021-6-10","1,881.52","1,872.85","1,884.53","1,867.81","","0.43%"
"2021-6-9","1,873.40","1,887.96","1,892.55","1,872.60","","-0.84%"
"2021-6-8","1,889.19","1,880.06","1,895.72","1,874.66","","0.44%"
"2021-6-7","1,880.97","1,867.51","1,882.06","1,865.07","","0.69%"
"2021-6-4","1,868.00","1,849.96","1,873.60","1,848.89","","0.95%"
"2021-6-3","1,850.44","1,861.07","1,871.34","1,841.42","","-0.43%"
"2021-6-2","1,858.37","1,841.02","1,860.25","1,836.56","","1.03%"
"2021-6-1","1,839.47","1,829.48","1,847.05","1,828.06","","0.57%"
"2021-5-31","1,828.98","1,829.57","1,832.25","1,828.45","","-0.22%"
"2021-5-28","1,833.06","1,830.65","1,850.44","1,829.54","","0.40%"
"2021-5-27","1,825.72","1,816.19","1,827.60","1,810.76","","0.40%"
"2021-5-26","1,818.41","1,803.73","1,821.23","1,802.89","","0.80%"
"2021-5-25","1,803.91","1,799.19","1,811.82","1,799.00","","0.38%"
"2021-5-24","1,797.17","1,785.41","1,802.06","1,783.75","","0.65%"
"2021-5-21","1,785.55","1,784.01","1,801.00","1,782.82","","0.33%"
"2021-5-20","1,779.69","1,749.45","1,782.75","1,748.45","","1.67%"
"2021-5-19","1,750.47","1,759.40","1,759.63","1,728.27","","-0.44%"
"2021-5-18","1,758.12","1,748.91","1,773.12","1,748.35","","0.82%"
"2021-5-17","1,743.76","1,752.74","1,756.76","1,735.74","","-0.67%"
"2021-5-14","1,755.56","1,720.99","1,759.71","1,719.32","","2.29%"
"2021-5-13","1,716.23","1,714.76","1,735.19","1,704.28","","-0.19%"
"2021-5-12","1,719.45","1,757.20","1,767.31","1,716.23","","-2.48%"
"2021-5-11","1,763.18","1,761.14","1,766.17","1,724.71","","-0.52%"
"2021-5-10","1,772.46","1,807.95","1,808.61","1,772.00","","-1.80%"
"2021-5-7","1,804.98","1,788.12","1,816.73","1,787.76","","1.02%"
"2021-5-6","1,786.69","1,795.64","1,796.77","1,772.27","","-0.45%"
"2021-5-5","1,794.82","1,789.70","1,806.03","1,788.23","","0.26%"
"2021-5-4","1,790.19","1,827.23","1,828.03","1,774.56","","-2.18%"
"2021-5-3","1,830.02","1,843.67","1,853.71","1,829.04","","-0.82%"
"2021-4-30","1,845.20","1,874.45","1,875.03","1,841.65","","-1.53%"
"2021-4-29","1,873.85","1,893.13","1,898.87","1,864.55","","-0.90%"
"2021-4-28","1,890.95","1,901.50","1,902.20","1,886.29","","-0.66%"
"2021-4-27","1,903.55","1,920.10","1,920.69","1,900.26","","-0.84%"
"2021-4-26","1,919.68","1,899.25","1,921.11","1,897.20","","1.42%"
"2021-4-23","1,892.76","1,871.81","1,897.88","1,870.15","","1.05%"
"2021-4-22","1,873.15","1,874.45","1,889.99","1,866.87","","0.34%"
"2021-4-21","1,866.84","1,839.72","1,867.56","1,830.63","","0.93%"
"2021-4-20","1,849.61","1,877.57","1,878.03","1,841.96","","-1.66%"
"2021-4-19","1,880.80","1,900.22","1,905.57","1,872.38","","-0.94%"
"2021-4-16","1,898.68","1,899.16","1,902.48","1,891.99","","-0.04%"
"2021-4-15","1,899.37","1,886.25","1,901.75","1,885.44","","0.63%"
"2021-4-14","1,887.49","1,891.39","1,909.33","1,885.99","","0.10%"
"2021-4-13","1,885.68","1,869.11","1,887.70","1,867.65","","0.98%"
"2021-4-12","1,867.35","1,876.02","1,876.44","1,862.04","","-0.64%"
"2021-4-9","1,879.42","1,878.26","1,880.11","1,865.30","","0.13%"
"2021-4-8","1,877.00","1,855.47","1,879.34","1,854.34","","1.12%"
"2021-4-7","1,856.24","1,872.05","1,875.58","1,851.58","","-0.72%"
"2021-4-6","1,869.78","1,868.52","1,878.49","1,867.14","","-0.18%"
"2021-4-5","1,873.12","1,855.95","1,874.91","1,855.03","","1.00%"
"2021-4-2","1,854.50","1,854.91","1,855.86","1,854.07","","0.21%"
"2021-4-1","1,850.66","1,821.02","1,856.48","1,814.73","","1.79%"
"2021-3-31","1,818.03","1,797.95","1,825.60","1,796.42","","0.95%"
"2021-3-30","1,800.87","1,795.82","1,804.52","1,779.27","","0.15%"
"2021-3-29","1,798.24","1,826.06","1,827.47","1,794.20","","-1.51%"
"2021-3-26","1,825.87","1,800.46","1,826.18","1,797.22","","1.65%"
"2021-3-25","1,796.25","1,791.18","1,799.92","1,763.42","","0.37%"
"2021-3-24","1,789.62","1,825.45","1,830.01","1,789.15","","-2.32%"
"2021-3-23","1,832.10","1,868.93","1,870.34","1,827.88","","-2.16%"
"2021-3-22","1,872.50","1,859.56","1,881.47","1,855.82","","0.57%"
"2021-3-19","1,861.84","1,854.41","1,872.19","1,840.17","","0.22%"
"2021-3-18","1,857.72","1,903.90","1,907.92","1,854.89","","-2.15%"
"2021-3-17","1,898.56","1,892.10","1,907.83","1,868.30","","0.28%"
"2021-3-16","1,893.27","1,901.68","1,916.47","1,884.51","","-0.23%"
"2021-3-15","1,897.72","1,878.20","1,898.36","1,877.58","","0.98%"
"2021-3-12","1,879.37","1,887.89","1,888.48","1,852.99","","-0.11%"
"2021-3-11","1,881.48","1,823.82","1,884.88","1,822.74","","3.41%"
"2021-3-10","1,819.51","1,814.04","1,847.36","1,812.00","","0.38%"
"2021-3-9","1,812.71","1,759.76","1,822.07","1,758.03","","2.97%"
"2021-3-8","1,760.42","1,794.84","1,805.35","1,759.34","","-2.23%"
"2021-3-5","1,800.56","1,796.21","1,807.87","1,738.35","","-0.15%"
"2021-3-4","1,803.35","1,851.06","1,857.12","1,781.55","","-2.86%"
"2021-3-3","1,856.50","1,898.43","1,905.35","1,855.49","","-2.22%"
"2021-3-2","1,898.74","1,934.69","1,944.24","1,898.63","","-2.08%"
"2021-3-1","1,939.08","1,891.54","1,939.36","1,889.77","","2.66%"
"2021-2-26","1,888.87","1,893.75","1,904.19","1,866.36","","-0.85%"
"2021-2-25","1,905.04","1,957.96","1,961.17","1,895.49","","-2.44%"
"2021-2-24","1,952.71","1,929.85","1,955.81","1,906.22","","0.76%"
"2021-2-23","1,938.02","1,968.69","1,969.13","1,884.38","","-1.49%"
"2021-2-22","1,967.38","2,009.55","2,011.23","1,964.76","","-2.07%"
"2021-2-19","2,009.01","1,991.93","2,021.02","1,989.49","","0.69%"
"2021-2-18","1,995.23","2,017.69","2,019.76","1,976.20","","-1.41%"
"2021-2-17","2,023.69","2,057.68","2,058.25","2,005.64","","-1.66%"
"2021-2-16","2,057.80","2,071.90","2,082.08","2,050.82","","-0.54%"
"2021-2-15","2,069.04","2,067.78","2,070.16","2,067.21","","0.16%"
"2021-2-12","2,065.65","2,043.46","2,069.38","2,033.27","","1.49%"
"2021-2-11","2,035.35","2,030.02","2,046.13","2,014.86","","0.27%"
"2021-2-10","2,029.92","2,035.95","2,052.41","2,012.31","","-0.27%"
"2021-2-9","2,035.45","2,025.01","2,036.82","2,014.05","","0.64%"
"2021-2-8","2,022.48","1,987.91","2,022.48","1,987.38","","1.84%"
"2021-2-5","1,986.00","1,962.69","1,986.93","1,962.09","","1.15%"
"2021-2-4","1,963.43","1,937.82","1,963.68","1,937.49","","1.02%"
"2021-2-3","1,943.51","1,928.22","1,950.44","1,926.70","","0.96%"
"2021-2-2","1,925.01","1,927.21","1,939.13","1,910.04","","0.20%"
"2021-2-1","1,921.09","1,881.38","1,925.80","1,879.40","","2.42%"
"2021-1-29","1,875.70","1,907.16","1,923.57","1,871.81","","-2.05%"
"2021-1-28","1,915.04","1,982.38","1,984.52","1,905.02","","-3.63%"
"2021-1-27","1,987.26","1,969.13","2,021.45","1,937.41","","0.88%"
"2021-1-26","1,970.02","1,963.15","1,977.86","1,949.47","","0.21%"
"2021-1-25","1,965.86","1,946.24","2,014.99","1,942.26","","1.12%"
"2021-1-22","1,944.04","1,929.91","1,945.39","1,915.89","","0.69%"
"2021-1-21","1,930.78","1,926.09","1,936.54","1,920.76","","0.35%"
"2021-1-20","1,923.99","1,899.84","1,934.09","1,897.94","","1.56%"
"2021-1-19","1,894.53","1,850.30","1,896.06","1,848.57","","2.67%"
"2021-1-18","1,845.32","1,845.08","1,846.43","1,841.92","","-0.18%"
"2021-1-15","1,848.60","1,868.31","1,875.45","1,845.47","","-1.22%"
"2021-1-14","1,871.49","1,834.62","1,873.11","1,823.37","","1.93%"
"2021-1-13","1,836.09","1,839.23","1,843.73","1,831.28","","0.13%"
"2021-1-12","1,833.63","1,836.54","1,843.17","1,829.85","","-0.19%"
"2021-1-11","1,837.12","1,834.12","1,842.82","1,816.61","","-0.03%"
"2021-1-8","1,837.65","1,816.47","1,846.39","1,814.55","","1.53%"
"2021-1-7","1,809.93","1,766.99","1,811.53","1,762.51","","2.84%"
"2021-1-6","1,759.92","1,767.70","1,777.13","1,749.53","","-0.45%"
"2021-1-5","1,767.92","1,748.62","1,769.78","1,746.80","","1.12%"
"2021-1-4","1,748.35","1,755.16","1,778.26","1,736.12","","-0.32%"
"2020-12-31","1,754.01","1,757.99","1,758.50","1,747.11","","-0.19%"
"2020-12-30","1,757.43","1,743.88","1,761.06","1,741.82","","0.99%"
"2020-12-29","1,740.13","1,748.93","1,763.29","1,736.04","","-0.09%"
"2020-12-28","1,741.73","1,743.96","1,759.66","1,741.45","","-0.05%"
"2020-12-24","1,742.68","1,743.87","1,748.04","1,738.58","","0.20%"
"2020-12-23","1,739.25","1,732.96","1,748.69","1,731.57","","0.45%"
"2020-12-22","1,731.41","1,715.55","1,733.71","1,713.39","","0.64%"
"2020-12-21","1,720.45","1,725.96","1,726.82","1,695.73","","-0.45%"
"2020-12-18","1,728.23","1,727.14","1,733.79","1,720.50","","-0.04%"
"2020-12-17","1,728.91","1,707.05","1,728.91","1,706.01","","1.32%"
"2020-12-16","1,706.38","1,698.67","1,708.68","1,697.48","","0.53%"
"2020-12-15","1,697.38","1,679.75","1,698.29","1,679.28","","0.97%"
"2020-12-14","1,681.07","1,677.93","1,693.19","1,677.04","","0.27%"
"2020-12-11","1,676.50","1,679.18","1,681.97","1,662.36","","-0.20%"
"2020-12-10","1,679.81","1,671.25","1,681.95","1,654.21","","0.27%"
"2020-12-9","1,675.35","1,694.58","1,706.19","1,668.44","","-1.03%"
"2020-12-8","1,692.81","1,687.84","1,697.16","1,686.63","","0.27%"
"2020-12-7","1,688.32","1,689.46","1,697.75","1,684.18","","-0.32%"
"2020-12-4","1,693.76","1,663.14","1,694.15","1,660.09","","1.87%"
"2020-12-3","1,662.70","1,649.08","1,668.37","1,647.88","","0.84%"
"2020-12-2","1,648.77","1,646.73","1,650.47","1,631.75","","0.35%"
"2020-12-1","1,642.94","1,634.04","1,658.17","1,633.09","","0.70%"
"2020-11-30","1,631.52","1,654.32","1,657.14","1,623.73","","-1.45%"
"2020-11-27","1,655.57","1,632.07","1,660.93","1,629.83","","1.76%"
"2020-11-26","1,627.01","1,622.72","1,628.07","1,623.91","","0.26%"
"2020-11-25","1,622.72","1,603.14","1,625.50","1,595.59","","1.32%"
"2020-11-24","1,601.58","1,586.18","1,602.27","1,584.79","","1.35%"
"2020-11-23","1,580.17","1,571.01","1,583.24","1,568.12","","0.66%"
"2020-11-20","1,569.86","1,558.52","1,575.57","1,557.51","","0.82%"
"2020-11-19","1,557.11","1,535.09","1,558.80","1,532.73","","1.28%"
"2020-11-18","1,537.46","1,541.73","1,549.81","1,535.45","","-0.18%"
"2020-11-17","1,540.18","1,533.85","1,542.47","1,526.40","","0.61%"
"2020-11-16","1,530.91","1,514.64","1,531.61","1,513.42","","1.87%"
"2020-11-13","1,502.88","1,490.87","1,508.36","1,489.45","","0.46%"
"2020-11-12","1,495.96","1,500.44","1,508.82","1,491.50","","-0.20%"
"2020-11-11","1,498.93","1,481.41","1,500.14","1,480.73","","1.49%"
"2020-11-10","1,476.99","1,491.76","1,494.00","1,465.83","","-0.85%"
"2020-11-9","1,489.70","1,486.57","1,518.27","1,485.63","","0.56%"
"2020-11-6","1,481.38","1,474.48","1,485.03","1,468.79","","0.55%"
"2020-11-5","1,473.35","1,440.23","1,477.05","1,438.42","","2.61%"
"2020-11-4","1,435.93","1,407.44","1,443.15","1,403.73","","2.21%"
"2020-11-3","1,404.93","1,375.97","1,408.23","1,375.70","","2.16%"
"2020-11-2","1,375.20","1,368.38","1,386.62","1,365.88","","1.05%"
"2020-10-30","1,360.87","1,382.03","1,382.21","1,352.71","","-1.65%"
"2020-10-29","1,383.66","1,372.09","1,389.28","1,370.08","","0.73%"
"2020-10-28","1,373.65","1,405.69","1,408.82","1,373.01","","-2.50%"
"2020-10-27","1,408.82","1,404.01","1,418.84","1,403.90","","0.33%"
"2020-10-26","1,404.18","1,438.51","1,440.03","1,394.34","","-2.58%"
"2020-10-23","1,441.43","1,436.93","1,442.88","1,433.56","","0.38%"
"2020-10-22","1,436.03","1,430.85","1,436.82","1,419.83","","0.03%"
"2020-10-21","1,435.58","1,446.08","1,449.58","1,434.44","","-0.36%"
"2020-10-20","1,440.83","1,441.27","1,451.45","1,440.24","","-0.10%"
"2020-10-19","1,442.21","1,447.66","1,459.33","1,439.78","","0.08%"
"2020-10-16","1,441.07","1,438.40","1,451.29","1,436.84","","-0.07%"
"2020-10-15","1,442.10","1,447.98","1,449.70","1,424.49","","-0.78%"
"2020-10-14","1,453.51","1,452.96","1,462.86","1,447.52","","-0.10%"
"2020-10-13","1,454.96","1,455.78","1,457.94","1,449.91","","-0.01%"
"2020-10-12","1,455.13","1,444.42","1,458.39","1,443.77","","0.74%"
"2020-10-9","1,444.40","1,421.14","1,445.91","1,420.90","","1.60%"
"2020-10-8","1,421.68","1,410.20","1,424.32","1,409.99","","0.91%"
"2020-10-7","1,408.83","1,387.77","1,411.41","1,387.13","","1.57%"
"2020-10-6","1,387.06","1,390.51","1,405.76","1,384.57","","-0.14%"
"2020-10-5","1,388.99","1,366.12","1,388.99","1,365.39","","2.07%"
"2020-10-2","1,360.81","1,376.46","1,376.60","1,352.07","","-1.14%"
"2020-10-1","1,376.52","1,363.45","1,380.07","1,363.19","","1.00%"
"2020-9-30","1,362.88","1,362.72","1,372.71","1,358.24","","-0.12%"
"2020-9-29","1,364.46","1,360.06","1,368.80","1,357.17","","0.54%"
"2020-9-28","1,357.16","1,337.01","1,362.09","1,335.95","","1.77%"
"2020-9-25","1,333.55","1,315.21","1,335.32","1,312.54","","1.52%"
"2020-9-24","1,313.63","1,317.06","1,323.31","1,303.25","","-0.53%"
"2020-9-23","1,320.66","1,339.91","1,345.80","1,318.63","","-1.40%"
"2020-9-22","1,339.43","1,334.37","1,340.53","1,325.93","","0.35%"
"2020-9-21","1,334.77","1,357.80","1,357.91","1,318.92","","-1.70%"
"2020-9-18","1,357.80","1,358.21","1,369.53","1,346.64","","0.03%"
"2020-9-17","1,357.38","1,366.60","1,367.70","1,347.60","","-1.02%"
"2020-9-16","1,371.33","1,379.60","1,386.97","1,369.76","","-0.55%"
"2020-9-15","1,378.88","1,364.52","1,381.32","1,363.55","","1.01%"
"2020-9-14","1,365.03","1,342.54","1,367.08","1,342.02","","2.06%"
"2020-9-11","1,337.42","1,338.09","1,348.45","1,329.80","","-0.10%"
"2020-9-10","1,338.76","1,353.73","1,363.90","1,334.19","","-0.81%"
"2020-9-9","1,349.64","1,323.72","1,353.79","1,323.49","","1.68%"
"2020-9-8","1,327.37","1,361.17","1,363.74","1,323.92","","-1.82%"
"2020-9-4","1,351.95","1,371.29","1,376.88","1,323.95","","-1.79%"
"2020-9-3","1,376.63","1,438.94","1,441.42","1,370.86","","-4.23%"
"2020-9-2","1,437.43","1,425.13","1,438.92","1,419.74","","0.85%"
"2020-9-1","1,425.37","1,406.10","1,425.40","1,402.65","","1.44%"
"2020-8-31","1,405.11","1,405.10","1,407.62","1,398.67","","0.34%"
"2020-8-28","1,400.28","1,391.38","1,401.68","1,386.71","","0.81%"
"2020-8-27","1,389.01","1,396.65","1,402.82","1,383.30","","-0.57%"
"2020-8-26","1,396.94","1,368.67","1,399.47","1,367.67","","2.08%"
"2020-8-25","1,368.42","1,358.67","1,369.33","1,356.80","","0.95%"
"2020-8-24","1,355.48","1,344.82","1,362.02","1,344.68","","0.86%"
"2020-8-21","1,343.91","1,348.24","1,349.67","1,338.19","","-0.03%"
"2020-8-20","1,344.34","1,342.56","1,347.10","1,331.19","","-0.33%"
"2020-8-19","1,348.75","1,355.05","1,356.29","1,345.69","","-0.38%"
"2020-8-18","1,353.90","1,356.77","1,361.53","1,350.05","","-0.06%"
"2020-8-17","1,354.72","1,339.92","1,355.58","1,339.76","","0.98%"
"2020-8-14","1,341.57","1,348.79","1,349.53","1,338.93","","-0.68%"
"2020-8-13","1,350.82","1,345.75","1,356.86","1,342.29","","0.75%"
"2020-8-12","1,340.83","1,325.60","1,342.16","1,324.41","","1.19%"
"2020-8-11","1,325.07","1,331.10","1,338.54","1,322.90","","-0.14%"
"2020-8-10","1,326.91","1,331.83","1,334.66","1,318.02","","-0.36%"
"2020-8-7","1,331.71","1,341.10","1,344.32","1,322.20","","-0.84%"
"2020-8-6","1,343.01","1,341.18","1,345.69","1,334.30","","0.18%"
"2020-8-5","1,340.61","1,328.16","1,341.87","1,326.54","","1.10%"
"2020-8-4","1,325.98","1,325.70","1,329.60","1,319.26","","0.28%"
"2020-8-3","1,322.23","1,304.93","1,324.53","1,304.12","","1.43%"
"2020-7-31","1,303.58","1,314.25","1,315.29","1,289.50","","-1.00%"
"2020-7-30","1,316.79","1,323.67","1,324.53","1,300.55","","-0.51%"
"2020-7-29","1,323.60","1,302.12","1,327.85","1,300.51","","1.38%"
"2020-7-28","1,305.53","1,314.21","1,315.96","1,304.47","","-0.75%"
"2020-7-27","1,315.45","1,293.58","1,315.53","1,292.71","","1.78%"
"2020-7-24","1,292.47","1,311.07","1,311.65","1,285.13","","-1.42%"
"2020-7-23","1,311.15","1,318.67","1,329.19","1,305.67","","-0.57%"
"2020-7-22","1,318.72","1,319.94","1,325.67","1,314.02","","-0.03%"
"2020-7-21","1,319.07","1,321.04","1,331.14","1,318.23","","0.03%"
"2020-7-20","1,318.63","1,291.55","1,319.96","1,289.59","","2.07%"
"2020-7-17","1,291.90","1,283.06","1,294.07","1,281.92","","0.48%"
"2020-7-16","1,285.68","1,296.80","1,298.72","1,279.33","","-1.23%"
"2020-7-15","1,301.64","1,282.30","1,303.50","1,281.75","","1.68%"
"2020-7-14","1,280.19","1,270.86","1,280.20","1,253.97","","0.52%"
"2020-7-13","1,273.60","1,290.15","1,304.77","1,272.07","","-0.96%"
"2020-7-10","1,285.91","1,287.65","1,289.29","1,278.64","","-0.19%"
"2020-7-9","1,288.40","1,287.51","1,296.62","1,274.14","","0.14%"
"2020-7-8","1,286.59","1,282.32","1,291.63","1,278.45","","0.35%"
"2020-7-7","1,282.06","1,291.86","1,296.03","1,280.87","","-0.87%"
"2020-7-6","1,293.30","1,273.45","1,300.31","1,273.45","","2.22%"
"2020-7-3","1,265.26","1,265.26","1,265.26","1,265.26","","0.00%"
"2020-7-2","1,265.26","1,255.78","1,272.11","1,254.41","","0.66%"
"2020-7-1","1,257.01","1,258.32","1,261.42","1,252.49","","-0.09%"
"2020-6-30","1,258.14","1,242.89","1,260.13","1,240.74","","1.59%"
"2020-6-29","1,238.41","1,234.47","1,240.57","1,222.75","","0.02%"
"2020-6-26","1,238.20","1,243.37","1,254.41","1,233.63","","-0.25%"
"2020-6-25","1,241.36","1,231.02","1,242.12","1,218.64","","0.55%"
"2020-6-24","1,234.59","1,260.93","1,261.52","1,229.66","","-2.11%"
"2020-6-23","1,261.19","1,254.27","1,268.36","1,252.57","","0.74%"
"2020-6-22","1,251.88","1,245.58","1,253.25","1,239.12","","0.73%"
"2020-6-19","1,242.79","1,244.22","1,258.98","1,239.50","","-0.03%"
"2020-6-18","1,243.21","1,245.23","1,246.03","1,237.13","","-0.22%"
"2020-6-17","1,245.94","1,244.60","1,254.03","1,243.02","","0.23%"
"2020-6-16","1,243.04","1,222.27","1,253.35","1,221.43","","2.56%"
"2020-6-15","1,212.05","1,201.92","1,216.42","1,177.59","","0.52%"
"2020-6-12","1,205.83","1,197.95","1,226.54","1,188.95","","0.07%"
"2020-6-11","1,204.96","1,264.86","1,269.26","1,202.62","","-5.17%"
"2020-6-10","1,270.62","1,270.59","1,278.45","1,266.35","","-0.05%"
"2020-6-9","1,271.20","1,274.28","1,277.19","1,264.38","","-0.38%"
"2020-6-8","1,276.08","1,267.73","1,277.28","1,264.63","","0.76%"
"2020-6-5","1,266.42","1,251.90","1,274.94","1,250.00","","1.09%"
"2020-6-4","1,252.76","1,258.40","1,261.14","1,247.08","","-0.57%"
"2020-6-3","1,259.95","1,244.43","1,262.06","1,243.45","","1.46%"
"2020-6-2","1,241.85","1,231.83","1,242.06","1,228.08","","1.00%"
"2020-6-1","1,229.50","1,221.90","1,233.74","1,218.64","","1.02%"
"2020-5-29","1,217.12","1,209.79","1,217.69","1,201.66","","0.49%"
"2020-5-28","1,211.16","1,207.00","1,228.37","1,205.90","","0.48%"
"2020-5-27","1,205.32","1,198.43","1,206.81","1,179.18","","0.46%"
"2020-5-26","1,199.78","1,178.72","1,208.38","1,178.72","","2.18%"
"2020-5-25","1,174.13","1,174.13","1,174.13","1,174.13","","0.00%"
"2020-5-22","1,174.13","1,165.35","1,174.14","1,161.81","","0.48%"
"2020-5-21","1,168.48","1,174.38","1,178.89","1,163.62","","-0.60%"
"2020-5-20","1,175.57","1,157.60","1,182.02","1,154.89","","1.96%"
"2020-5-19","1,153.01","1,151.20","1,166.75","1,149.22","","0.63%"
"2020-5-18","1,145.77","1,106.63","1,149.60","1,105.87","","4.04%"
"2020-5-15","1,101.33","1,089.47","1,101.98","1,083.57","","1.36%"
"2020-5-14","1,086.57","1,090.88","1,091.97","1,059.83","","-0.75%"
"2020-5-13","1,094.76","1,112.64","1,114.54","1,086.36","","-1.76%"
"2020-5-12","1,114.32","1,133.34","1,137.73","1,113.80","","-1.79%"
"2020-5-11","1,134.63","1,133.32","1,138.90","1,122.07","","0.40%"
"2020-5-8","1,130.10","1,117.39","1,131.64","1,116.86","","1.65%"
"2020-5-7","1,111.71","1,093.27","1,117.30","1,092.53","","1.88%"
"2020-5-6","1,091.20","1,083.81","1,098.09","1,083.66","","0.76%"
"2020-5-5","1,083.02","1,065.89","1,091.25","1,065.62","","1.70%"
"2020-5-4","1,064.92","1,063.57","1,065.23","1,048.76","","-0.03%"
"2020-5-1","1,065.21","1,093.24","1,094.01","1,061.03","","-2.98%"
"2020-4-30","1,097.89","1,113.40","1,116.83","1,095.76","","-0.84%"
"2020-4-29","1,107.15","1,072.67","1,110.54","1,072.13","","3.36%"
"2020-4-28","1,071.16","1,068.92","1,085.59","1,064.86","","0.33%"
"2020-4-27","1,067.59","1,042.97","1,069.72","1,042.55","","2.93%"
"2020-4-24","1,037.16","1,027.83","1,039.57","1,024.68","","0.87%"
"2020-4-23","1,028.26","1,022.99","1,039.23","1,022.47","","0.72%"
"2020-4-22","1,020.86","1,003.72","1,023.48","1,002.65","","1.48%"
"2020-4-21","1,005.94","1,031.51","1,032.70","1,001.77","","-2.92%"
"2020-4-20","1,036.25","1,036.57","1,045.88","1,027.13","","-0.08%"
"2020-4-17","1,037.04","1,014.14","1,039.59","1,013.32","","2.64%"
"2020-4-16","1,010.34","996.71","1,010.55","996.44","","1.06%"
"2020-4-15","999.75","1,026.62","1,026.97","993.50","","-2.56%"
"2020-4-14","1,026.01","996.82","1,027.47","995.99","","3.50%"
"2020-4-13","991.34","994.63","994.66","978.40","","-0.21%"
"2020-4-9","993.39","984.38","1,007.28","983.21","","0.98%"
"2020-4-8","983.74","958.86","985.82","957.36","","2.60%"
"2020-4-7","958.84","950.47","984.50","949.74","","1.14%"
"2020-4-6","948.04","884.88","949.71","884.04","","7.46%"
"2020-4-3","882.25","900.96","903.43","877.07","","-2.32%"
"2020-4-2","903.24","904.02","913.35","891.14","","-0.10%"
"2020-4-1","904.17","951.14","952.29","899.67","","-5.10%"
"2020-3-31","952.74","952.09","966.20","948.50","","-0.20%"
"2020-3-30","954.66","936.88","955.69","932.87","","1.49%"
"2020-3-27","940.69","966.04","968.51","931.69","","-2.06%"
"2020-3-26","960.51","916.70","961.97","913.66","","4.87%"
"2020-3-25","915.87","902.62","938.80","897.12","","2.38%"
"2020-3-24","894.56","824.99","894.56","824.74","","9.53%"
"2020-3-23","816.74","824.15","828.88","800.98","","-1.00%"
"2020-3-20","825.00","832.40","864.58","822.64","","-0.61%"
"2020-3-19","830.10","814.38","835.68","791.34","","1.16%"
"2020-3-18","820.62","876.71","877.68","799.68","","-6.10%"
"2020-3-17","873.89","854.48","882.34","838.50","","2.50%"
"2020-3-16","852.61","934.87","936.71","841.15","","-8.69%"
"2020-3-13","933.74","884.83","933.74","884.51","","3.99%"
"2020-3-12","897.88","988.90","990.50","897.57","","-9.95%"
"2020-3-11","997.08","1,036.13","1,037.35","989.14","","-4.20%"
"2020-3-10","1,040.74","1,011.46","1,042.75","1,008.75","","2.73%"
"2020-3-9","1,013.09","1,091.99","1,093.20","1,012.30","","-7.80%"
"2020-3-6","1,098.78","1,127.19","1,128.42","1,083.61","","-2.93%"
"2020-3-5","1,131.89","1,154.78","1,157.18","1,127.20","","-1.81%"
"2020-3-4","1,152.72","1,134.67","1,152.86","1,132.42","","1.72%"
"2020-3-3","1,133.21","1,145.07","1,164.72","1,127.21","","-1.14%"
"2020-3-2","1,146.29","1,126.81","1,146.47","1,117.79","","2.12%"
"2020-2-28","1,122.45","1,127.31","1,128.04","1,093.48","","-0.99%"
"2020-2-27","1,133.62","1,173.61","1,174.67","1,130.40","","-3.75%"
"2020-2-26","1,177.77","1,178.56","1,195.13","1,170.58","","-0.30%"
"2020-2-25","1,181.26","1,206.93","1,215.44","1,179.32","","-2.53%"
"2020-2-24","1,211.97","1,248.55","1,248.76","1,206.44","","-3.09%"
"2020-2-21","1,250.60","1,271.37","1,271.95","1,247.71","","-1.56%"
"2020-2-20","1,270.48","1,274.48","1,276.96","1,258.32","","-0.36%"
"2020-2-19","1,275.07","1,269.96","1,277.60","1,267.43","","0.46%"
"2020-2-18","1,269.22","1,264.15","1,273.23","1,264.15","","-0.98%"
"2020-2-14","1,281.73","1,281.89","1,284.68","1,279.23","","-0.14%"
"2020-2-13","1,283.59","1,280.31","1,284.77","1,271.32","","0.17%"
"2020-2-12","1,281.44","1,271.21","1,281.47","1,269.85","","0.93%"
"2020-2-11","1,269.64","1,256.34","1,272.77","1,256.21","","1.07%"
"2020-2-10","1,256.26","1,252.02","1,256.34","1,247.74","","0.10%"
"2020-2-7","1,255.02","1,271.07","1,272.62","1,253.72","","-1.31%"
"2020-2-6","1,271.67","1,265.22","1,274.22","1,263.31","","0.78%"
"2020-2-5","1,261.81","1,260.27","1,271.52","1,257.79","","0.36%"
"2020-2-4","1,257.34","1,230.00","1,259.42","1,229.16","","2.33%"
"2020-2-3","1,228.71","1,216.44","1,230.72","1,214.75","","0.49%"
"2020-1-31","1,222.68","1,240.14","1,241.12","1,220.89","","-1.36%"
"2020-1-30","1,239.52","1,240.22","1,241.94","1,230.69","","-0.37%"
"2020-1-29","1,244.07","1,248.23","1,253.82","1,244.03","","-0.38%"
"2020-1-28","1,248.79","1,234.80","1,251.07","1,234.04","","0.92%"
"2020-1-27","1,237.36","1,263.53","1,264.26","1,234.56","","-2.35%"
"2020-1-24","1,267.14","1,269.63","1,279.23","1,263.13","","-0.26%"
"2020-1-23","1,270.38","1,265.36","1,270.87","1,262.93","","0.28%"
"2020-1-22","1,266.88","1,265.56","1,275.67","1,265.31","","0.14%"
"2020-1-21","1,265.08","1,268.29","1,268.29","1,263.36","","-0.34%"
"2020-1-17","1,269.36","1,269.42","1,275.76","1,268.12","","0.11%"
"2020-1-16","1,267.98","1,253.77","1,268.01","1,253.14","","1.04%"
"2020-1-15","1,254.91","1,249.52","1,258.46","1,249.32","","0.20%"
"2020-1-14","1,252.44","1,252.25","1,260.55","1,250.66","","0.11%"
"2020-1-13","1,251.12","1,237.33","1,251.34","1,234.75","","1.08%"
"2020-1-10","1,237.70","1,236.04","1,244.27","1,234.83","","0.58%"
"2020-1-9","1,230.54","1,221.98","1,231.89","1,221.66","","1.01%"
"2020-1-8","1,218.21","1,211.30","1,220.74","1,208.89","","0.37%"
"2020-1-7","1,213.71","1,211.10","1,216.56","1,208.53","","0.55%"
"2020-1-6","1,207.13","1,207.09","1,207.39","1,199.48","","-0.30%"
"2020-1-3","1,210.77","1,215.27","1,215.54","1,203.27","","-0.43%"
"2020-1-2","1,216.04","1,216.04","1,216.05","1,201.28","","1.12%"
"2019-12-31","1,202.59","1,200.38","1,205.57","1,199.09","","0.22%"
"2019-12-30","1,199.90","1,204.02","1,204.90","1,194.43","","-0.41%"
"2019-12-27","1,204.80","1,206.82","1,211.51","1,203.61","","-0.03%"
"2019-12-26","1,205.18","1,200.91","1,205.60","1,201.90","","0.36%"
"2019-12-24","1,200.91","1,199.17","1,200.96","1,197.33","","0.20%"
"2019-12-23","1,198.50","1,195.10","1,200.78","1,194.88","","0.16%"
"2019-12-20","1,196.63","1,189.23","1,196.84","1,188.71","","0.56%"
"2019-12-19","1,189.96","1,187.77","1,190.53","1,185.80","","0.15%"
"2019-12-18","1,188.18","1,186.55","1,189.36","1,185.34","","-0.23%"
"2019-12-17","1,190.86","1,194.77","1,195.94","1,189.07","","-0.29%"
"2019-12-16","1,194.38","1,185.07","1,197.85","1,183.68","","0.68%"
"2019-12-13","1,186.32","1,182.43","1,192.59","1,181.94","","0.97%"
"2019-12-12","1,174.87","1,166.35","1,176.63","1,163.76","","0.90%"
"2019-12-11","1,164.34","1,160.08","1,166.62","1,158.59","","0.24%"
"2019-12-10","1,161.61","1,164.20","1,166.59","1,160.22","","-0.19%"
"2019-12-9","1,163.82","1,171.15","1,171.63","1,163.82","","-0.50%"
"2019-12-6","1,169.70","1,159.19","1,171.49","1,158.80","","0.99%"
"2019-12-5","1,158.25","1,158.25","1,160.14","1,156.49","","0.09%"
"2019-12-4","1,157.16","1,150.95","1,162.75","1,150.51","","0.42%"
"2019-12-3","1,152.31","1,157.38","1,159.64","1,143.36","","-0.56%"
"2019-12-2","1,158.80","1,169.95","1,172.97","1,157.32","","-1.03%"
"2019-11-29","1,170.83","1,178.42","1,177.19","1,170.34","","-0.64%"
"2019-11-27","1,178.42","1,176.30","1,178.55","1,173.48","","0.26%"
"2019-11-26","1,175.34","1,176.58","1,178.33","1,174.17","","0.03%"
"2019-11-25","1,175.00","1,156.37","1,175.22","1,155.98","","1.66%"
"2019-11-22","1,155.86","1,154.60","1,162.02","1,152.09","","0.35%"
"2019-11-21","1,151.81","1,146.50","1,157.00","1,145.03","","0.31%"
"2019-11-20","1,148.23","1,148.28","1,152.39","1,143.73","","-0.18%"
"2019-11-19","1,150.33","1,147.43","1,152.28","1,146.02","","0.10%"
"2019-11-18","1,149.17","1,153.29","1,155.00","1,145.82","","-0.31%"
"2019-11-15","1,152.74","1,146.42","1,152.81","1,143.64","","0.64%"
"2019-11-14","1,145.38","1,141.80","1,147.00","1,141.17","","0.18%"
"2019-11-13","1,143.37","1,148.33","1,148.63","1,140.81","","-0.59%"
"2019-11-12","1,150.15","1,147.01","1,154.48","1,145.88","","0.35%"
"2019-11-11","1,146.17","1,144.07","1,146.68","1,140.34","","0.11%"
"2019-11-8","1,144.95","1,144.42","1,145.01","1,138.99","","0.15%"
"2019-11-7","1,143.20","1,137.12","1,148.10","1,136.45","","0.51%"
"2019-11-6","1,137.42","1,142.21","1,143.25","1,134.69","","-0.60%"
"2019-11-5","1,144.32","1,141.91","1,145.93","1,139.98","","0.39%"
"2019-11-4","1,139.89","1,130.43","1,140.81","1,130.09","","0.86%"
"2019-11-1","1,130.15","1,118.31","1,131.00","1,118.07","","1.02%"
"2019-10-31","1,118.71","1,126.74","1,127.22","1,115.12","","-0.54%"
"2019-10-30","1,124.80","1,122.80","1,125.74","1,117.77","","0.05%"
"2019-10-29","1,124.26","1,126.40","1,129.34","1,123.49","","-0.07%"
"2019-10-28","1,125.10","1,114.54","1,126.69","1,113.60","","1.10%"
"2019-10-25","1,112.86","1,108.59","1,114.00","1,102.45","","0.39%"
"2019-10-24","1,108.51","1,100.05","1,110.02","1,099.57","","0.90%"
"2019-10-23","1,098.58","1,098.71","1,100.24","1,092.76","","0.03%"
"2019-10-22","1,098.30","1,109.69","1,110.97","1,098.21","","-1.03%"
"2019-10-21","1,109.69","1,106.55","1,115.36","1,105.16","","0.39%"
"2019-10-18","1,105.38","1,112.95","1,115.22","1,101.91","","-0.64%"
"2019-10-17","1,112.49","1,110.90","1,118.09","1,109.10","","0.20%"
"2019-10-16","1,110.26","1,116.66","1,119.71","1,110.25","","-0.46%"
"2019-10-15","1,115.42","1,106.83","1,118.70","1,105.07","","1.16%"
"2019-10-14","1,102.59","1,103.06","1,103.22","1,098.17","","0.04%"
"2019-10-11","1,102.12","1,082.12","1,107.38","1,081.84","","2.12%"
"2019-10-10","1,079.24","1,075.32","1,083.14","1,073.69","","0.22%"
"2019-10-9","1,076.86","1,068.62","1,078.87","1,067.40","","0.59%"
"2019-10-8","1,070.56","1,088.38","1,089.57","1,069.99","","-1.46%"
"2019-10-7","1,086.46","1,088.37","1,091.14","1,085.07","","-0.18%"
"2019-10-4","1,088.44","1,078.45","1,089.12","1,077.07","","0.89%"
"2019-10-3","1,078.81","1,070.15","1,078.89","1,061.64","","0.46%"
"2019-10-2","1,073.82","1,087.02","1,087.32","1,069.77","","-1.47%"
"2019-10-1","1,089.83","1,102.31","1,107.67","1,088.99","","-1.03%"
"2019-9-30","1,101.17","1,095.97","1,102.32","1,094.69","","0.31%"
"2019-9-27","1,097.76","1,103.81","1,108.11","1,093.24","","-0.67%"
"2019-9-26","1,105.11","1,106.08","1,109.18","1,101.57","","0.04%"
"2019-9-25","1,104.68","1,106.06","1,106.30","1,091.98","","-0.20%"
"2019-9-24","1,106.89","1,127.17","1,130.40","1,106.69","","-1.82%"
"2019-9-23","1,127.44","1,133.86","1,134.00","1,124.26","","-0.56%"
"2019-9-20","1,133.84","1,144.36","1,144.96","1,131.96","","-0.76%"
"2019-9-19","1,142.51","1,143.63","1,150.06","1,142.24","","0.07%"
"2019-9-18","1,141.71","1,142.01","1,143.61","1,131.63","","-0.08%"
"2019-9-17","1,142.57","1,139.68","1,143.27","1,136.00","","0.36%"
"2019-9-16","1,138.48","1,142.05","1,142.31","1,134.80","","-0.28%"
"2019-9-13","1,141.72","1,142.07","1,147.55","1,141.32","","0.02%"
"2019-9-12","1,141.44","1,137.96","1,148.84","1,137.14","","0.47%"
"2019-9-11","1,136.09","1,121.54","1,136.11","1,120.63","","1.41%"
"2019-9-10","1,120.34","1,122.86","1,123.38","1,112.52","","-0.17%"
"2019-9-9","1,122.29","1,126.09","1,130.64","1,117.79","","-0.30%"
"2019-9-6","1,125.63","1,125.69","1,129.94","1,124.29","","0.11%"
"2019-9-5","1,124.43","1,109.55","1,128.62","1,109.36","","1.78%"
"2019-9-4","1,104.74","1,088.39","1,105.31","1,088.10","","1.42%"
"2019-9-3","1,089.23","1,089.23","1,099.90","1,086.23","","-1.19%"
"2019-8-30","1,102.33","1,096.05","1,109.82","1,095.35","","0.99%"
"2019-8-29","1,091.51","1,075.61","1,092.97","1,075.08","","1.35%"
"2019-8-28","1,076.96","1,080.51","1,080.78","1,067.57","","-0.40%"
"2019-8-27","1,081.26","1,086.59","1,091.93","1,078.21","","-0.21%"
"2019-8-26","1,083.57","1,082.64","1,086.97","1,078.43","","-0.24%"
"2019-8-23","1,086.21","1,106.88","1,111.07","1,085.98","","-1.87%"
"2019-8-22","1,106.94","1,108.89","1,112.06","1,100.24","","-0.21%"
"2019-8-21","1,109.29","1,095.78","1,113.13","1,095.59","","1.14%"
"2019-8-20","1,096.84","1,102.29","1,103.84","1,096.60","","-0.33%"
"2019-8-19","1,100.49","1,089.45","1,102.75","1,088.80","","1.20%"
"2019-8-16","1,087.40","1,070.33","1,089.77","1,069.90","","1.77%"
"2019-8-15","1,068.54","1,071.64","1,073.10","1,064.96","","-0.53%"
"2019-8-14","1,074.18","1,102.40","1,102.85","1,072.44","","-2.37%"
"2019-8-13","1,100.28","1,092.70","1,104.67","1,084.04","","0.69%"
"2019-8-12","1,092.74","1,104.12","1,106.51","1,090.17","","-1.02%"
"2019-8-9","1,104.00","1,110.11","1,110.92","1,099.39","","-0.62%"
"2019-8-8","1,110.89","1,089.46","1,111.24","1,085.98","","1.99%"
"2019-8-7","1,089.21","1,086.94","1,089.76","1,076.89","","0.31%"
"2019-8-6","1,085.88","1,077.28","1,091.50","1,075.42","","0.74%"
"2019-8-5","1,077.93","1,107.73","1,109.21","1,072.84","","-3.15%"
"2019-8-2","1,113.04","1,129.91","1,130.65","1,107.70","","-1.88%"
"2019-8-1","1,134.36","1,145.17","1,154.46","1,132.23","","-1.32%"
"2019-7-31","1,149.54","1,161.87","1,162.33","1,141.69","","-1.19%"
"2019-7-30","1,163.38","1,163.64","1,164.75","1,154.04","","0.07%"
"2019-7-29","1,162.61","1,166.29","1,168.33","1,156.77","","-0.46%"
"2019-7-26","1,168.00","1,161.19","1,169.15","1,160.37","","0.39%"
"2019-7-25","1,163.42","1,180.40","1,182.49","1,161.44","","-1.32%"
"2019-7-24","1,178.95","1,166.14","1,178.99","1,164.01","","1.19%"
"2019-7-23","1,165.09","1,156.89","1,165.11","1,156.56","","0.76%"
"2019-7-22","1,156.29","1,149.28","1,158.90","1,148.34","","0.46%"
"2019-7-19","1,151.03","1,149.14","1,157.42","1,148.60","","0.71%"
"2019-7-18","1,142.94","1,145.04","1,146.04","1,138.52","","-0.40%"
"2019-7-17","1,147.51","1,149.82","1,151.30","1,146.76","","-0.10%"
"2019-7-16","1,148.68","1,153.61","1,153.97","1,146.98","","-0.45%"
"2019-7-15","1,153.89","1,153.21","1,158.62","1,152.84","","0.08%"
"2019-7-12","1,152.99","1,151.23","1,154.87","1,147.65","","-0.12%"
"2019-7-11","1,154.36","1,160.49","1,160.70","1,152.12","","-0.32%"
"2019-7-10","1,158.05","1,148.91","1,164.17","1,147.48","","0.62%"
"2019-7-9","1,150.96","1,147.87","1,151.02","1,143.07","","0.09%"
"2019-7-8","1,149.92","1,157.74","1,157.99","1,148.39","","-0.87%"
"2019-7-5","1,159.98","1,171.12","1,171.79","1,149.42","","-0.95%"
"2019-7-3","1,171.12","1,163.89","1,171.65","1,163.69","","0.31%"
"2019-7-2","1,167.47","1,168.04","1,170.20","1,164.75","","0.10%"
"2019-7-1","1,166.30","1,156.37","1,175.57","1,155.82","","1.13%"
"2019-6-28","1,153.23","1,144.67","1,153.61","1,143.88","","0.72%"
"2019-6-27","1,145.04","1,134.72","1,145.23","1,134.23","","1.15%"
"2019-6-26","1,132.07","1,132.71","1,139.18","1,131.66","","-0.30%"
"2019-6-25","1,135.44","1,148.38","1,148.61","1,134.37","","-1.04%"
"2019-6-24","1,147.32","1,155.73","1,156.83","1,147.24","","-0.40%"
"2019-6-21","1,151.89","1,159.34","1,160.42","1,149.75","","-0.68%"
"2019-6-20","1,159.79","1,149.17","1,162.96","1,148.21","","1.11%"
"2019-6-19","1,147.07","1,142.20","1,148.44","1,139.66","","0.94%"
"2019-6-18","1,136.39","1,120.71","1,140.59","1,118.38","","1.30%"
"2019-6-17","1,121.76","1,119.29","1,125.33","1,117.36","","-0.02%"
"2019-6-14","1,121.95","1,133.49","1,134.35","1,119.99","","-0.99%"
"2019-6-13","1,133.19","1,128.15","1,133.83","1,127.59","","0.21%"
"2019-6-12","1,130.81","1,132.65","1,132.91","1,126.47","","-0.06%"
"2019-6-11","1,131.50","1,128.07","1,140.81","1,127.87","","0.59%"
"2019-6-10","1,124.90","1,115.81","1,131.22","1,115.27","","1.01%"
"2019-6-7","1,113.63","1,101.30","1,116.76","1,100.75","","1.22%"
"2019-6-6","1,100.25","1,098.20","1,101.37","1,092.06","","-0.08%"
"2019-6-5","1,101.10","1,092.42","1,102.41","1,091.21","","1.38%"
"2019-6-4","1,086.14","1,065.04","1,087.33","1,063.06","","2.10%"
"2019-6-3","1,063.82","1,072.57","1,074.75","1,062.45","","-1.08%"
"2019-5-31","1,075.47","1,087.12","1,087.30","1,072.75","","-0.98%"
"2019-5-30","1,086.08","1,079.06","1,089.54","1,078.33","","0.57%"
"2019-5-29","1,079.94","1,089.72","1,090.08","1,076.63","","-1.04%"
"2019-5-28","1,091.28","1,091.28","1,098.28","1,089.48","","0.18%"
"2019-5-24","1,089.32","1,081.71","1,092.63","1,081.50","","0.62%"
"2019-5-23","1,082.62","1,098.74","1,099.75","1,079.04","","-1.71%"
"2019-5-22","1,101.50","1,103.61","1,104.37","1,096.64","","-0.04%"
"2019-5-21","1,101.89","1,090.74","1,102.80","1,089.28","","1.04%"
"2019-5-20","1,090.60","1,107.91","1,108.58","1,087.94","","-1.84%"
"2019-5-17","1,111.02","1,125.74","1,126.76","1,110.23","","-1.03%"
"2019-5-16","1,122.62","1,115.03","1,127.04","1,114.35","","0.38%"
"2019-5-15","1,118.37","1,110.31","1,119.96","1,103.89","","0.94%"
"2019-5-14","1,107.98","1,090.57","1,111.17","1,090.17","","1.37%"
"2019-5-13","1,093.01","1,127.44","1,128.56","1,091.04","","-3.44%"
"2019-5-10","1,131.95","1,132.31","1,137.30","1,117.36","","-0.13%"
"2019-5-9","1,133.38","1,137.40","1,138.26","1,119.23","","-0.58%"
"2019-5-8","1,139.98","1,142.36","1,145.92","1,137.97","","-0.37%"
"2019-5-7","1,144.26","1,162.07","1,163.64","1,138.57","","-1.76%"
"2019-5-6","1,164.77","1,171.65","1,171.70","1,149.41","","-0.51%"
"2019-5-3","1,170.77","1,160.92","1,171.69","1,159.72","","0.86%"
"2019-5-2","1,160.75","1,161.33","1,162.09","1,151.91","","-0.13%"
"2019-5-1","1,162.31","1,168.44","1,170.73","1,161.21","","-0.52%"
"2019-4-30","1,168.33","1,167.83","1,170.38","1,161.01","","0.08%"
"2019-4-29","1,167.44","1,167.40","1,172.86","1,166.68","","0.05%"
"2019-4-26","1,166.86","1,154.77","1,166.86","1,154.03","","0.74%"
"2019-4-25","1,158.30","1,167.26","1,168.27","1,152.65","","-0.83%"
"2019-4-24","1,168.03","1,167.23","1,172.69","1,165.66","","0.11%"
"2019-4-23","1,166.74","1,156.07","1,167.91","1,155.64","","0.86%"
"2019-4-22","1,156.75","1,150.90","1,157.06","1,150.72","","0.51%"
"2019-4-18","1,150.90","1,148.31","1,150.92","1,142.26","","-0.01%"
"2019-4-17","1,151.03","1,157.24","1,162.75","1,148.89","","-0.35%"
"2019-4-16","1,155.02","1,152.62","1,157.16","1,152.04","","0.18%"
"2019-4-15","1,153.00","1,152.21","1,155.05","1,148.83","","0.36%"
"2019-4-12","1,148.91","1,141.84","1,149.70","1,141.36","","0.56%"
"2019-4-11","1,142.50","1,140.43","1,143.48","1,138.44","","0.21%"
"2019-4-10","1,140.06","1,130.68","1,140.63","1,130.32","","0.69%"
"2019-4-9","1,132.28","1,139.21","1,140.35","1,131.35","","-0.50%"
"2019-4-8","1,137.93","1,134.34","1,138.09","1,128.21","","0.32%"
"2019-4-5","1,134.31","1,127.22","1,135.05","1,126.90","","0.70%"
"2019-4-4","1,126.43","1,135.74","1,136.99","1,120.60","","-0.87%"
"2019-4-3","1,136.36","1,125.83","1,140.08","1,125.77","","1.32%"
"2019-4-2","1,121.56","1,122.67","1,123.66","1,117.89","","-0.02%"
"2019-4-1","1,121.74","1,108.06","1,121.74","1,107.66","","1.50%"
"2019-3-29","1,105.14","1,089.60","1,105.28","1,089.11","","1.65%"
"2019-3-28","1,087.16","1,081.84","1,089.42","1,080.20","","0.31%"
"2019-3-27","1,083.85","1,091.41","1,093.61","1,075.79","","-0.65%"
"2019-3-26","1,090.90","1,084.56","1,094.87","1,083.73","","0.85%"
"2019-3-25","1,081.74","1,085.67","1,086.27","1,075.52","","-0.90%"
"2019-3-22","1,091.52","1,116.16","1,118.94","1,091.13","","-2.06%"
"2019-3-21","1,114.52","1,106.68","1,115.31","1,100.73","","0.93%"
"2019-3-20","1,104.23","1,108.77","1,112.88","1,099.20","","-0.48%"
"2019-3-19","1,109.56","1,107.85","1,113.52","1,107.04","","0.27%"
"2019-3-18","1,106.52","1,106.73","1,110.14","1,101.60","","0.15%"
"2019-3-15","1,104.91","1,099.65","1,108.28","1,098.67","","0.62%"
"2019-3-14","1,098.07","1,099.55","1,100.62","1,096.29","","-0.18%"
"2019-3-13","1,100.09","1,092.32","1,104.34","1,091.90","","0.41%"
"2019-3-12","1,095.61","1,095.76","1,098.77","1,092.81","","0.55%"
"2019-3-11","1,089.67","1,071.53","1,090.25","1,070.50","","1.70%"
"2019-3-8","1,071.50","1,076.34","1,076.50","1,064.79","","-0.92%"
"2019-3-7","1,081.41","1,093.57","1,093.97","1,078.27","","-1.42%"
"2019-3-6","1,096.99","1,102.64","1,107.10","1,096.08","","-0.46%"
"2019-3-5","1,102.04","1,104.40","1,105.28","1,099.02","","-0.33%"
"2019-3-4","1,105.71","1,110.73","1,116.67","1,097.37","","-0.14%"
"2019-3-1","1,107.28","1,096.16","1,108.14","1,095.35","","1.18%"
"2019-2-28","1,094.40","1,095.97","1,096.47","1,091.27","","-0.33%"
"2019-2-27","1,098.06","1,095.15","1,098.20","1,090.35","","0.27%"
"2019-2-26","1,095.06","1,098.36","1,099.97","1,091.66","","-0.50%"
"2019-2-25","1,100.55","1,094.69","1,103.93","1,093.63","","0.73%"
"2019-2-22","1,092.56","1,083.58","1,093.99","1,082.07","","1.00%"
"2019-2-21","1,081.73","1,085.87","1,086.18","1,078.59","","-0.38%"
"2019-2-20","1,085.81","1,074.95","1,086.58","1,074.07","","1.16%"
"2019-2-19","1,073.35","1,073.35","1,075.02","1,069.33","","0.67%"
"2019-2-15","1,066.20","1,054.34","1,067.17","1,054.11","","1.02%"
"2019-2-14","1,055.39","1,051.94","1,059.32","1,049.24","","0.19%"
"2019-2-13","1,053.37","1,051.68","1,058.82","1,050.81","","0.63%"
"2019-2-12","1,046.79","1,033.45","1,047.45","1,032.68","","1.90%"
"2019-2-11","1,027.23","1,021.59","1,029.38","1,021.15","","0.52%"
"2019-2-8","1,021.89","1,018.54","1,021.91","1,012.64","","-0.34%"
"2019-2-7","1,025.42","1,035.33","1,036.11","1,019.65","","-1.08%"
"2019-2-6","1,036.59","1,029.48","1,038.86","1,028.77","","0.76%"
"2019-2-5","1,028.77","1,022.45","1,029.29","1,020.15","","0.83%"
"2019-2-4","1,020.35","1,015.57","1,020.40","1,013.46","","0.66%"
"2019-2-1","1,013.65","1,013.91","1,015.00","1,008.69","","-0.19%"
"2019-1-31","1,015.55","1,006.69","1,018.40","1,006.00","","1.38%"
"2019-1-30","1,001.70","993.57","1,004.79","987.86","","0.94%"
"2019-1-29","992.39","994.61","997.90","991.11","","-0.36%"
"2019-1-28","995.94","1,008.05","1,008.31","992.11","","-1.09%"
"2019-1-25","1,006.89","995.37","1,007.82","993.76","","1.76%"
"2019-1-24","989.50","972.15","990.17","970.93","","1.97%"
"2019-1-23","970.41","971.59","979.05","964.90","","-0.16%"
"2019-1-22","971.92","0.00","988.51","969.33","","-1.77%"
"2019-1-18","989.43","975.94","991.18","975.69","","1.76%"
"2019-1-17","972.36","965.88","975.52","962.69","","0.58%"
"2019-1-16","966.79","964.72","971.17","963.77","","0.26%"
"2019-1-15","964.29","955.55","964.35","954.78","","1.29%"
"2019-1-14","952.01","959.86","959.92","949.49","","-0.81%"
"2019-1-11","959.83","960.78","961.07","953.34","","-0.06%"
"2019-1-10","960.42","956.04","960.44","949.20","","0.40%"
"2019-1-9","956.61","942.28","959.64","941.74","","1.80%"
"2019-1-8","939.72","930.54","941.97","928.93","","1.40%"
"2019-1-7","926.72","910.56","928.74","909.79","","2.58%"
"2019-1-4","903.38","874.20","904.48","873.66","","2.61%"
"2019-1-3","880.37","903.00","903.34","879.67","","-2.22%"
"2019-1-2","900.32","897.90","902.19","886.73","","0.27%"